Category	Distance	Mean	Variance	Max	Distance_Values
Human	Normalized Euclidean	0.4172013963402431	0.034558495728739154	1.0250849256469736	"[0.60112207 0.19975801 0.29031773 0.2926263  0.37117713 1.01149586
 0.43012183 0.61235815 0.30648433 0.3971469  0.60007994 0.46935101
 0.2951755  0.45659673 0.56437709 0.361722   0.31804605 0.23501866
 0.39929546 0.2440552  0.53431347 0.35620278 0.61592339 0.18385452
 0.19068452 0.32028245 0.44252099 0.47121097 0.6898935  0.41309864
 0.12846965 0.20034259 0.52841334 0.1771156  0.15555403 0.75606522
 0.29132215 0.30374924 0.29438961 0.21197821 0.23385623 0.73443226
 0.38781751 0.18941767 0.15595366 0.42995419 0.53582886 0.28896727
 0.13688432 0.1894481  0.27648778 0.23041562 0.53477558 0.31555712
 0.6060749  0.73456552 0.71754774 0.23753401 0.37484542 0.30127611
 0.45075283 0.23625726 0.46853679 0.53933674 0.41310647 0.42119348
 0.52319477 0.47210605 0.57106764 0.59816808 0.43132753 0.43300181
 0.34250715 0.60994859 0.34877751 0.3260878  0.41186136 0.31634219
 0.45633711 0.28445635 0.54254002 0.29453301 0.39716413 0.65766821
 0.17647901 0.48202232 0.43169625 0.26048677 0.41771835 0.55337262
 0.73182629 0.48962313 0.40440535 0.40777235 0.52318373 0.22442069
 1.02508493 0.13602966 0.88424752 0.6921471 ]"
Human	Cosine	0.09851827828075893	0.019728364144658526	0.8805277147540723	"[0.15340645 0.00830129 0.03774273 0.04370228 0.07082381 0.87881363
 0.09573409 0.20024384 0.02148745 0.04053701 0.17745679 0.11296793
 0.04014472 0.05643233 0.17447952 0.06570999 0.04061682 0.0122611
 0.04105253 0.0204713  0.1479037  0.0262086  0.21209932 0.01675934
 0.01817299 0.01617167 0.05592803 0.1096363  0.23479707 0.06873363
 0.00788876 0.0072477  0.14252797 0.00947213 0.01081058 0.32106098
 0.03944925 0.01969106 0.03128474 0.02268139 0.01139573 0.28647794
 0.07581649 0.01774815 0.00844384 0.08391505 0.09123969 0.02694297
 0.00938774 0.00695708 0.03385075 0.02384361 0.14745629 0.01360635
 0.20390193 0.28194989 0.06631738 0.02861941 0.04325875 0.02274632
 0.05790829 0.02716167 0.10991519 0.15697235 0.04231799 0.04669791
 0.10910924 0.11797917 0.10232406 0.19286115 0.03906924 0.09856631
 0.02667211 0.20077125 0.02264968 0.01987032 0.0655338  0.05134541
 0.09531416 0.03706696 0.1006627  0.04145912 0.08116401 0.18704984
 0.01303177 0.04495117 0.03989542 0.02213857 0.09132924 0.08749092
 0.31823282 0.06983514 0.03570281 0.08619042 0.12559054 0.01620057
 0.88052771 0.00703557 0.52703398 0.16141304]"
Human	Manhattan	124.14928390998836	5011.955562974991	434.0573316640347	"[315.42331817  52.47824088  61.80834684  75.9133815   95.20105005
 316.36628915 131.00261678 151.82616101 133.97269253  97.96649639
 168.30561741 121.45589616  59.91399681 126.64096948 147.19430583
  89.81369381  94.89884689  75.34195101  98.818427    70.22751526
 132.62536694 149.35034556 135.44058187  41.1032068   43.44899189
  88.38715933 122.2064671  176.4900815  241.70974877 134.87127582
  36.46837374  64.58241736 222.88694653  42.35329941  43.60924245
 176.21259092  70.99995114  76.59199097  59.30608715  52.0257734
  47.96912339 192.06339356 125.5098585   55.7309008   44.79827578
 132.54940792 155.23345106  98.13427888  32.91734141  44.3137206
  80.15595974  74.59251728 196.31572543 101.15609497 152.06240453
 194.20814323 434.05733166  61.28427086 141.2062701   78.95922345
 186.15348906  55.8034875   96.87305436  96.32035267 100.67151095
 132.02175598 125.66738341 106.09050223 162.64749957 219.84032032
 138.43438755 136.21546021  95.59448674 163.38957943  82.3744672
 120.27667741 140.5836188   57.26108723 126.16180911  81.78644314
 220.67732841  92.43361482  77.63482162 191.49863207  52.39383433
 152.24579477 112.67434415  69.72414706 109.66742249 320.22993365
 210.85855247 190.38707089 132.00129337  78.07493012 125.69695864
  78.02232655 251.54796995  36.51867238 193.64981687 256.36614876]"
Human	Descriptor	0.5260558663058877	0.05664596384312709	1.2050724110002067	"[0.94522185 0.28190396 0.45817022 0.27846686 0.39422962 1.13799993
 0.43395362 0.68878724 0.36503577 0.44567848 0.64992678 0.49290278
 0.34516614 0.72057899 0.49722944 0.37922643 0.3771755  0.440907
 0.67808425 0.25897874 0.43549849 0.57366062 0.72443642 0.18689617
 0.21445333 0.50288601 0.56198329 0.49882826 0.85399999 0.72522059
 0.15384946 0.35213278 0.66870225 0.26641227 0.25318332 0.65608463
 0.46131998 0.31318203 0.34230307 0.188969   0.42959063 0.58965935
 0.58400273 0.30397309 0.15513865 0.57970422 0.72439716 0.58126416
 0.1509997  0.26540861 0.44053421 0.47137487 0.73868782 0.52520812
 0.60550669 0.58652146 1.13456797 0.23180489 0.67579334 0.51375573
 0.8007138  0.30512441 0.43123382 0.1911231  0.64908134 0.70607297
 0.51412787 0.28826642 0.9255496  0.6495782  0.68334721 0.56671701
 0.61557793 0.51976202 0.65043432 0.62226982 0.74193908 0.27905748
 0.46089886 0.28965247 0.70475579 0.39527413 0.37858556 0.82526323
 0.12696832 0.74832376 0.53355883 0.33288712 0.40130089 0.8144471
 0.68185648 0.86951016 0.66134725 0.28722521 0.73436268 0.28963882
 1.20507241 0.1508981  1.0967296  0.98553446]"
Human	DSSIM	0.24108495556046328	0.035090129642448654	0.939152321874675	"[0.52904654 0.04920817 0.10565204 0.10829403 0.16816233 0.93915232
 0.21207799 0.40268164 0.1279055  0.15258394 0.37176667 0.25196302
 0.09966878 0.23969825 0.35857325 0.18152665 0.16996179 0.07528164
 0.19504574 0.07555915 0.2815322  0.18199692 0.38170141 0.0389623
 0.041728   0.12193214 0.20740816 0.29681108 0.54198622 0.26574592
 0.0248282  0.06080857 0.41481018 0.03783164 0.04212126 0.53834194
 0.11626164 0.08552453 0.09690869 0.05994129 0.06484213 0.52696661
 0.23846034 0.05531257 0.03055065 0.22173086 0.31914527 0.12927197
 0.02903101 0.04476194 0.12969014 0.09485393 0.3885843  0.12678423
 0.36867878 0.50299397 0.70444205 0.07011999 0.22732994 0.12518753
 0.3280332  0.06426123 0.17179421 0.35957942 0.19902833 0.21796792
 0.276742   0.2724611  0.383665   0.44269591 0.2161381  0.24965524
 0.16251726 0.39971187 0.14658421 0.15457938 0.2645076  0.09435109
 0.23157443 0.09405407 0.38473061 0.13543713 0.16601899 0.48342009
 0.04058106 0.31028745 0.18061488 0.08039915 0.2037874  0.42981548
 0.57981547 0.35703645 0.23947477 0.17621813 0.29596383 0.06975502
 0.93576012 0.02557243 0.66474672 0.56942887]"
Human	LPIPS	0.1000821360386908	0.007781663601472657	0.46094176173210144	"[0.28130135 0.01053883 0.02123489 0.0803192  0.08951429 0.46094176
 0.0819751  0.12258565 0.03758695 0.06988236 0.16788968 0.14559951
 0.05036868 0.07583389 0.2026199  0.08318531 0.05498925 0.01897811
 0.05283665 0.02622976 0.18596804 0.04479105 0.12665316 0.01226598
 0.01497385 0.0243983  0.10793274 0.12271148 0.17249118 0.12371307
 0.00910845 0.01006345 0.22579104 0.01030525 0.01874113 0.21718323
 0.05757163 0.02702563 0.04612136 0.01628718 0.01572128 0.20342724
 0.13667892 0.03958077 0.01274893 0.05616565 0.12129594 0.06178932
 0.00665795 0.01322321 0.05198194 0.05285148 0.22009327 0.02676933
 0.12821428 0.25487214 0.22014324 0.06531641 0.07950647 0.02848331
 0.11868678 0.02259726 0.03855859 0.1723327  0.05342399 0.06495123
 0.16391137 0.12799022 0.12077795 0.20366424 0.06502178 0.16373606
 0.03447943 0.22387964 0.03502923 0.0533908  0.12404941 0.02736294
 0.12947169 0.05459386 0.10054268 0.06791542 0.08764729 0.20872012
 0.01308561 0.07258029 0.07547854 0.03420002 0.08137336 0.14769165
 0.26310578 0.12970258 0.0583763  0.11806647 0.07731758 0.02854673
 0.42138904 0.00741046 0.36032122 0.15280385]"
Human	K-S	0.09168701171875	0.0062619177997112275	0.6640625	"[0.08911133 0.01147461 0.08105469 0.06860352 0.11791992 0.4362793
 0.08935547 0.13354492 0.04321289 0.07641602 0.10864258 0.140625
 0.07104492 0.06567383 0.13110352 0.13061523 0.03955078 0.05053711
 0.05737305 0.03466797 0.11865234 0.03735352 0.13476562 0.0222168
 0.02050781 0.04150391 0.08129883 0.09521484 0.16918945 0.08520508
 0.0456543  0.02441406 0.1484375  0.08227539 0.04150391 0.16333008
 0.05419922 0.04101562 0.05200195 0.06323242 0.04492188 0.18603516
 0.11791992 0.03662109 0.04345703 0.09716797 0.08911133 0.0456543
 0.03833008 0.01611328 0.06494141 0.07592773 0.07763672 0.07104492
 0.13476562 0.15771484 0.04174805 0.0625     0.0480957  0.06005859
 0.08813477 0.05541992 0.09350586 0.09716797 0.03564453 0.08251953
 0.10864258 0.08129883 0.09985352 0.21362305 0.0769043  0.09619141
 0.0480957  0.13891602 0.05224609 0.03808594 0.06616211 0.05322266
 0.11035156 0.05859375 0.04077148 0.06323242 0.11987305 0.17138672
 0.0222168  0.0625     0.07446289 0.09570312 0.12426758 0.06884766
 0.15234375 0.11279297 0.07983398 0.07446289 0.10302734 0.10888672
 0.6640625  0.04711914 0.13696289 0.14282227]"
Human	Wasserstein	0.053495782347322836	0.0018947670320418602	0.1711471727659882	"[0.1081353  0.00537938 0.03597264 0.05336685 0.07301302 0.03709427
 0.06546569 0.11740938 0.02122734 0.04691428 0.11686466 0.09464862
 0.03916799 0.04275314 0.12188919 0.05932771 0.01529181 0.0079703
 0.01115897 0.01272511 0.10700506 0.02184603 0.12616395 0.00895818
 0.00587036 0.01501218 0.05423141 0.08238567 0.12626835 0.06857773
 0.01238403 0.00914612 0.10988175 0.01451338 0.02048276 0.17114717
 0.04089282 0.02314546 0.03069214 0.01084608 0.00589987 0.16955437
 0.07771577 0.02754745 0.01509749 0.07562048 0.07332995 0.03031428
 0.0081684  0.00186508 0.04624162 0.03716754 0.10373072 0.00407326
 0.14568105 0.16832819 0.02411857 0.03529257 0.04096038 0.01886171
 0.05101987 0.03594101 0.07652876 0.01124985 0.01130186 0.03896615
 0.0783392  0.00485683 0.03807215 0.13167958 0.03575792 0.08386269
 0.01101798 0.13292501 0.00417768 0.01292766 0.06620248 0.03198445
 0.08508091 0.04268552 0.00249548 0.05146815 0.07512949 0.11053788
 0.00281394 0.03292    0.03634851 0.03613094 0.08504592 0.07310962
 0.15082162 0.06951799 0.00467764 0.06708827 0.08099177 0.02410019
 0.07462467 0.00511539 0.04391635 0.08335181]"
Chimp	Normalized Euclidean	0.45400196287237427	0.054349298879528926	1.1696916905995207	"[0.17596424 0.24781219 0.30790704 0.61298904 1.07518982 0.64626613
 0.59564692 0.54402413 0.38426801 0.29652977 0.62614084 0.51701675
 0.32701464 0.14951517 0.37298215 0.20659202 0.45886494 0.54664907
 0.34825763 0.55581905 0.57875619 0.43949752 0.33510235 0.66731879
 0.32115134 0.17058001 0.9718218  0.51777476 0.49762268 0.59527962
 0.12045107 0.27428067 0.60518103 0.33637366 0.20367167 1.15698774
 0.48614303 0.29194878 1.16969169 0.3276479  0.22422697 0.64328183
 0.38056701 0.6753995  0.16208241 0.47826612 0.23407198 0.39637992
 0.24919237 1.14083348 0.18480271 0.38609812 0.52865167 0.22677518
 0.44008615 0.36318948 0.30151286 0.27551829 0.65074113 0.34662704
 0.46906833 0.33373645 0.64911118 0.55633894 0.46459099 0.39812199
 0.42627291 0.48532289 0.1556397  1.00559194 0.21270269 0.22956491
 0.32587085 0.35959515 0.3108403  0.648773   0.14709563 0.30053889
 0.53746459 0.33728699 0.58833039 0.44799028 0.96270422 0.60168923
 0.32177146 0.54775345 0.15797461 0.31557424 0.25796314 0.72884416
 0.64769638 0.35973443 0.44919011 0.48111035 0.39740269 0.41347063
 0.26103503 0.17498759 0.87414937 0.70626014]"
Chimp	Cosine	0.12493133651793098	0.03209426630428336	0.8250352263638371	"[0.0103826  0.01634786 0.047547   0.11893793 0.71470268 0.21710884
 0.18787568 0.14775547 0.07677835 0.03057823 0.20470662 0.09433055
 0.03268291 0.01116677 0.04573997 0.01180658 0.05360147 0.15228975
 0.03567962 0.16858247 0.14817286 0.09483365 0.05772317 0.25475297
 0.01742858 0.01197582 0.54705578 0.10143241 0.13230271 0.07508487
 0.00710287 0.02073591 0.19681206 0.04810572 0.01807662 0.72391218
 0.12494533 0.04312637 0.70997475 0.05519173 0.01488914 0.22710608
 0.05351271 0.16004949 0.00752695 0.07251272 0.02673081 0.03144034
 0.00957437 0.78719701 0.0168738  0.07624786 0.06642988 0.01996192
 0.04069514 0.06761376 0.04512728 0.03431771 0.0786021  0.03841686
 0.08205063 0.04352751 0.23863692 0.15566173 0.03961946 0.0632433
 0.07381163 0.04155399 0.00699494 0.82503523 0.01442258 0.02048176
 0.03713633 0.06470895 0.026081   0.2268188  0.01087149 0.04590883
 0.08119206 0.05725153 0.13052814 0.08078412 0.63471259 0.16434537
 0.01998038 0.15761778 0.01244857 0.0149064  0.0335571  0.17805607
 0.23146068 0.02059169 0.01890558 0.11892498 0.07194306 0.02939078
 0.01516585 0.00589224 0.51429164 0.24244833]"
Chimp	Manhattan	130.34948528383651	5665.770723551241	442.15264408633675	"[ 44.62716474  53.32056419  59.53808754 175.31241255 268.45840387
 164.97547407 196.84138853 135.52075112 161.43349448  73.08269089
 169.69516543 126.47208483  75.31607718  25.02987341  96.58526416
  63.40281457 156.07710798 168.21932083  80.31496217 160.46691478
 142.38581911 196.79567996  69.41228718 206.76745669 112.17931912
  45.62777761 154.29668351 194.24999532  99.86292079 218.78556337
  35.90378128  72.4475806  182.59273836  85.52944943  49.28758199
 234.43734636 122.0931894   65.65620536 228.05847034  84.3302883
  42.47390008 187.16477121 125.73849898 190.71097052  48.15748587
 152.29193046  65.47273056 145.44157944  82.13748872 243.8539206
  59.27465593 108.8080176  218.23322866  54.058632   149.16428786
  92.46505919  45.31850404  66.54711108 266.31241339  83.90199406
 180.40275903  91.73511297 177.71392266  84.78411798 134.61449117
 115.28450817  99.82743502 177.38442984  42.64157162 418.66292091
  71.13536085  72.46493074  70.53772012  87.29233179  89.09310209
 172.94756027  48.20887746  55.82160731 155.08046372  78.38034803
 218.43367103 148.95666134 252.88121077 151.33354211 108.84092674
 163.60305957  43.10664564  84.69423282  62.3090696  442.15264409
 217.30836308 140.73232094 188.42875457 113.74358495  93.65193321
 134.21155256  64.19052988  58.89524137 250.91593786 189.62774284]"
Chimp	Descriptor	0.5601657672629201	0.07781879260905158	1.1994728280195683	"[0.14725677 0.32459483 0.27153523 0.94129619 1.09513849 0.47852765
 0.57943237 0.66665952 0.30312255 0.29671578 0.61246916 0.67027665
 0.32295561 0.19428513 0.64562105 0.42139219 0.67800495 0.47420331
 0.53642338 0.51116653 0.55562113 0.6586641  0.28724954 0.62586096
 0.5724252  0.2817345  1.10520932 0.70030085 0.54798084 0.98091983
 0.15598345 0.26118524 0.6226755  0.28134176 0.23328503 1.08682997
 0.54546398 0.37024598 1.1598392  0.39946334 0.39306077 0.61973497
 0.616276   1.01107966 0.20858335 0.72709046 0.2109732  0.7696743
 0.47047835 1.07288728 0.23121526 0.52443651 0.86740462 0.31669508
 0.75239707 0.41997253 0.49183236 0.23820443 1.06658966 0.50336755
 0.75119994 0.40843052 0.59886659 0.17049581 0.7721565  0.54684013
 0.35122926 0.82294699 0.21397147 1.19947283 0.31180817 0.33773354
 0.34656971 0.36156075 0.52185549 0.58536007 0.0717029  0.27727431
 0.76416778 0.42214887 0.76532286 0.7726458  1.15771084 0.75383037
 0.49046593 0.5321393  0.14946281 0.46321747 0.31123089 1.06826135
 0.79403777 0.60402805 0.89490256 0.32814672 0.5182168  0.75061536
 0.39878683 0.26973826 1.19200675 0.85070792]"
Chimp	DSSIM	0.27211333085165135	0.0500817287811047	0.9747991190464445	"[0.03565543 0.0686037  0.11353239 0.43305473 0.87036167 0.39817319
 0.40508287 0.33055648 0.18380311 0.09533665 0.40703555 0.2785389
 0.10096572 0.02357136 0.17309711 0.06865881 0.2928641  0.38129195
 0.14039554 0.3723962  0.32140332 0.30800113 0.12674055 0.48747783
 0.13322187 0.04992056 0.58102079 0.36893293 0.24018146 0.49085173
 0.02608462 0.07312182 0.43178142 0.11785472 0.05547567 0.85138061
 0.25560996 0.10405121 0.88848195 0.14979003 0.05126104 0.4617523
 0.22880974 0.49575287 0.03380256 0.28163299 0.07009463 0.24168207
 0.08340332 0.87138536 0.05672473 0.19562858 0.37856247 0.07523575
 0.25189408 0.15103426 0.0833132  0.07406696 0.56855199 0.16467318
 0.34379445 0.14840802 0.41115981 0.38581444 0.27690041 0.17753021
 0.18408565 0.31467604 0.03352651 0.97479912 0.07132572 0.07468176
 0.11634998 0.15898002 0.11349032 0.40880325 0.03193703 0.08543931
 0.32063223 0.14469599 0.45024954 0.30702512 0.83322241 0.39685769
 0.12512952 0.35038596 0.03375115 0.10394071 0.07430778 0.70082454
 0.50478145 0.17458491 0.28776735 0.24303253 0.18067801 0.20848901
 0.08388587 0.04640561 0.76400814 0.51135382]"
Chimp	LPIPS	0.10616458774544299	0.008134714174548564	0.36799633502960205	"[0.01518791 0.01417418 0.02767346 0.15375327 0.30929887 0.22576791
 0.18115062 0.11192789 0.1102439  0.03080824 0.20713727 0.1134264
 0.04839123 0.00563559 0.03494333 0.01585496 0.08828509 0.13880451
 0.0424499  0.15068522 0.18601757 0.07756709 0.05957971 0.15906441
 0.03262789 0.01348352 0.34246477 0.16384105 0.08270691 0.13133252
 0.01288278 0.04654261 0.19735719 0.10422416 0.02813724 0.26303804
 0.07127837 0.05818013 0.35152435 0.10509457 0.01446926 0.13081226
 0.09136287 0.17717597 0.0062416  0.07922581 0.05028161 0.08312457
 0.01746449 0.36799634 0.01680948 0.12493968 0.07621154 0.01686777
 0.07468104 0.12241274 0.01914592 0.06869544 0.16199784 0.06919809
 0.10429081 0.04610167 0.1720123  0.21690977 0.06293733 0.06538479
 0.12936619 0.08888952 0.00610163 0.33786762 0.01609877 0.0193612
 0.06113719 0.05820018 0.02664229 0.15614431 0.0074246  0.03480214
 0.1327353  0.11399491 0.14927976 0.14690657 0.28997898 0.17930835
 0.03196052 0.18751663 0.02017889 0.02903705 0.06268001 0.31159306
 0.14671978 0.04272856 0.05796236 0.1778014  0.04575779 0.04110526
 0.0171394  0.01241382 0.31893525 0.20939389]"
Chimp	K-S	0.11535400390625	0.01857978522181511	0.810791015625	"[0.03393555 0.03417969 0.0612793  0.09057617 0.49169922 0.15356445
 0.17797852 0.11401367 0.04370117 0.08178711 0.13476562 0.08764648
 0.0715332  0.02563477 0.09057617 0.03369141 0.15942383 0.09277344
 0.03881836 0.11987305 0.10791016 0.13623047 0.07470703 0.15454102
 0.02172852 0.04980469 0.13745117 0.07299805 0.09716797 0.08178711
 0.046875   0.04492188 0.14453125 0.07788086 0.08642578 0.55078125
 0.12939453 0.10693359 0.81079102 0.14501953 0.03393555 0.17236328
 0.06933594 0.10229492 0.01367188 0.13012695 0.04223633 0.05932617
 0.02563477 0.49023438 0.06665039 0.14038086 0.07202148 0.07666016
 0.07299805 0.08398438 0.06982422 0.06713867 0.09277344 0.07080078
 0.14331055 0.07519531 0.15161133 0.10449219 0.06787109 0.08496094
 0.07543945 0.0324707  0.01245117 0.78271484 0.02075195 0.02075195
 0.08520508 0.06152344 0.04199219 0.14038086 0.01049805 0.07055664
 0.0690918  0.0480957  0.12084961 0.10546875 0.53051758 0.14941406
 0.07324219 0.17138672 0.03710938 0.04760742 0.07104492 0.10058594
 0.17260742 0.02734375 0.05224609 0.06616211 0.07910156 0.03637695
 0.03979492 0.02563477 0.19042969 0.17138672]"
Chimp	Wasserstein	0.05562643210314881	0.0023484010830142218	0.2787949696346777	"[0.01033811 0.00885976 0.0417506  0.05830483 0.10573122 0.11257012
 0.12085565 0.09516136 0.05624191 0.03218497 0.12886217 0.05189131
 0.03675318 0.0165319  0.03071406 0.01294776 0.03361052 0.06767497
 0.01394932 0.1089034  0.1044687  0.04169706 0.05430356 0.15425274
 0.00348597 0.02001427 0.06767063 0.08457226 0.10224063 0.02543017
 0.00393973 0.0305819  0.12516209 0.05808552 0.02961899 0.13577195
 0.09576304 0.05060314 0.17984259 0.06688443 0.0175244  0.14006415
 0.05043823 0.07498269 0.00072066 0.05156649 0.04019318 0.02742584
 0.00400176 0.02210697 0.01930961 0.07382361 0.02208676 0.00604679
 0.02857729 0.07014104 0.0367518  0.0430526  0.01162316 0.0338122
 0.08085479 0.04486004 0.13387074 0.00424413 0.01247387 0.0633002
 0.06567457 0.01447839 0.00131308 0.27879497 0.00148164 0.00542891
 0.04216259 0.06720462 0.02234297 0.14324439 0.00761222 0.03043286
 0.05572319 0.03306181 0.0942452  0.07521345 0.09088867 0.10520178
 0.01441269 0.11842655 0.01259475 0.01889896 0.0388439  0.11313334
 0.10484314 0.00812676 0.00860486 0.08232194 0.05682747 0.01298418
 0.0059037  0.00344591 0.00627581 0.13041446]"
Mouse	Normalized Euclidean	0.4402180621244936	0.016554876939468582	0.8998549625261113	"[0.48329786 0.47739335 0.61120556 0.27557371 0.28598726 0.29012174
 0.39773778 0.32296673 0.38853739 0.36422204 0.46019898 0.36729085
 0.39900395 0.61236068 0.37389898 0.33626594 0.32027706 0.24433558
 0.4235535  0.36994015 0.26022294 0.45208504 0.57923997 0.42772103
 0.42870573 0.33314077 0.50117538 0.395555   0.69734733 0.29886497
 0.26202531 0.34108131 0.31170735 0.52504228 0.29314582 0.52897887
 0.43859659 0.48667333 0.4613765  0.32238595 0.64317016 0.49802789
 0.37913248 0.51936427 0.34799311 0.32432651 0.39915255 0.32803768
 0.38652632 0.44699596 0.34000542 0.61899578 0.31264375 0.45980876
 0.40973254 0.41645917 0.61960414 0.31694547 0.24534046 0.6499197
 0.43718789 0.42036992 0.57877451 0.55596289 0.6742786  0.33178093
 0.63888586 0.44834876 0.50187819 0.42414686 0.33517292 0.25057111
 0.54635454 0.32807192 0.61017056 0.41879452 0.33594466 0.56547874
 0.43296791 0.38758791 0.32641013 0.4414581  0.64156761 0.72001636
 0.43704141 0.3580634  0.62876211 0.37841387 0.30175172 0.59582557
 0.59967904 0.31354204 0.43934532 0.51735373 0.43828948 0.34594451
 0.46362085 0.38395573 0.89985496 0.75675842]"
Mouse	Cosine	0.08168637468984118	0.004881967818598401	0.5572238057223681	"[0.12053236 0.04188999 0.15810756 0.01861719 0.02345556 0.03033339
 0.08237877 0.05177848 0.07194309 0.02580435 0.10649867 0.06225397
 0.05298312 0.10484039 0.07211417 0.03023309 0.05259618 0.03027855
 0.09357578 0.06339639 0.03134773 0.03779711 0.04675509 0.02786081
 0.08621253 0.03546503 0.07850025 0.05379101 0.23751177 0.03451327
 0.01991323 0.05861272 0.04976517 0.04712355 0.03557534 0.13492634
 0.05556911 0.04486053 0.05991893 0.03982517 0.13476563 0.13212347
 0.07307661 0.13606958 0.05506794 0.03212453 0.05557292 0.04540121
 0.02094915 0.07168757 0.05019718 0.21365206 0.04721256 0.04820576
 0.06788466 0.07789049 0.07999983 0.04131785 0.03016712 0.0885829
 0.06793594 0.04398183 0.15055823 0.16528207 0.08048242 0.04574628
 0.22973007 0.10434757 0.11483875 0.08864569 0.05669213 0.0305114
 0.15764856 0.05012341 0.07273149 0.05795301 0.04802155 0.06530021
 0.09700454 0.04404259 0.05311253 0.10190004 0.10396105 0.16929999
 0.09810838 0.06620332 0.22208895 0.03885762 0.024753   0.08251235
 0.1905148  0.04519349 0.04221992 0.09330931 0.04609289 0.04048213
 0.08324501 0.07450236 0.55722381 0.25207401]"
Mouse	Manhattan	155.89285626000748	4760.6718335693295	357.26663325880816	"[119.27455428 175.17674159 234.82778346  84.77417259  83.15402445
 104.37267374 106.20414335  85.24585015 154.00624857 154.63250099
  92.8441704  117.22381031 114.72680901 233.35538156  77.75986608
  97.71278511  96.23239349  69.157532    93.77843272 110.13221529
  76.65474714 197.65937187 311.90986231 173.48061981 113.8203217
 111.17166352 163.94080237 154.47978665 257.58610039 108.86669295
  86.33573829  89.17764767 102.8222831  261.91957002  78.11235724
 158.32105039 152.17063619 206.88112318 161.06289958 102.00082092
 207.57730255 137.48054517 141.36988595 136.96164621 118.57482833
 129.33132746 158.62357248 104.18644572 152.44727986 155.22219295
 119.71419433 217.96331537 114.17546717 174.28211021 105.77292032
 156.72406887 256.94929951  75.16649361  69.75858662 324.26185893
 155.77845104 154.97450958 235.27305158 182.93648159 320.11979446
 105.21566797 220.83058426 142.27629758 182.3920398  151.31261246
  85.46154763  81.03066908 123.77759996  89.03310928 315.28133394
 141.13566101 128.77231592 227.54003865 150.00135355 151.54701024
 146.89230824 143.91769332 304.90832209 321.48903037 130.53724196
  90.87650188 217.98028886 153.97838124  99.72308935 357.26663326
 133.82364146 100.93333489 139.75330528 196.37098717 147.57148207
 123.62364469 149.93697743 125.03382309 356.78830265 273.68098113]"
Mouse	Descriptor	0.5951160480406581	0.06199090059756061	1.2091538058418807	"[0.49393683 0.71455562 0.83463445 0.3008557  0.32251854 0.40367716
 0.2424753  0.39026318 0.41365171 0.70172121 0.37412226 0.65569859
 0.63728182 1.00681632 0.28654638 0.39690358 0.23578707 0.29143547
 0.38848268 0.50958364 0.37007726 0.8010283  1.11505867 0.68063449
 0.50954029 0.45942481 0.79857827 0.51789166 0.87007354 0.35801299
 0.34432943 0.27616492 0.44662836 0.94232675 0.35341008 0.67878363
 0.54408242 0.92722534 0.84631052 0.42537819 0.89411092 0.56116029
 0.40809697 0.48949092 0.57929505 0.49037914 0.64729532 0.26207923
 0.70828992 0.80490118 0.32339533 0.6918839  0.42466494 0.85063066
 0.59403463 0.77990449 1.0319702  0.25096485 0.12190148 1.1104226
 0.7968505  0.70906593 0.85956197 0.73337322 1.12111408 0.42690137
 0.69034752 0.57515641 0.64735303 0.50857722 0.2567968  0.2070944
 0.50383377 0.37734006 1.06643707 0.71483849 0.31753126 0.88812379
 0.58966222 0.52009168 0.4831991  0.4974126  1.02465605 1.05660936
 0.38328823 0.31950052 0.66142795 0.70836984 0.38719493 0.91413522
 0.62921351 0.35320525 0.58178702 0.78186806 0.54019715 0.31532506
 0.67857738 0.61463652 1.20915381 0.97101702]"
Mouse	DSSIM	0.2683959995240133	0.02377640730777007	0.8701679421688494	"[0.21605791 0.27822744 0.47105294 0.09709344 0.110656   0.13330756
 0.17155386 0.15061847 0.2127722  0.18630785 0.19975333 0.20043304
 0.21699252 0.48795161 0.17167397 0.12526068 0.17674318 0.0969876
 0.20346423 0.21167685 0.09639803 0.30449848 0.49277422 0.23121703
 0.19879355 0.17181972 0.31865204 0.19887886 0.57726199 0.11771539
 0.10463161 0.12056416 0.13646285 0.3818887  0.11944881 0.33306271
 0.22512244 0.33309911 0.30468101 0.15427534 0.48179726 0.29738265
 0.23008527 0.27620192 0.1572877  0.15551381 0.21856772 0.1222554
 0.20657724 0.29795858 0.17251717 0.48320427 0.12787821 0.29336602
 0.22764725 0.26450609 0.49804446 0.09915188 0.06818201 0.58791011
 0.26697784 0.22670383 0.42860405 0.38977689 0.61889903 0.13698241
 0.49936495 0.29042156 0.31762635 0.28250629 0.10341877 0.09056039
 0.34602754 0.12641033 0.50287778 0.23992868 0.14730566 0.41747288
 0.25141151 0.20700304 0.16171531 0.26026083 0.53279165 0.64811002
 0.19143072 0.15015114 0.44046754 0.21055307 0.12864126 0.51028586
 0.3595145  0.11807222 0.22529248 0.34666731 0.2195583  0.15690883
 0.26497955 0.19883011 0.87016794 0.64905574]"
Mouse	LPIPS	0.0917394069954753	0.002864245738950507	0.3438701629638672	"[0.14485116 0.07394647 0.12366456 0.03507127 0.04150061 0.0468238
 0.06989078 0.05264727 0.07576242 0.04183367 0.03777232 0.10216034
 0.05920871 0.14194137 0.04807357 0.03220951 0.06588281 0.03482162
 0.0492437  0.06241464 0.04446832 0.08480533 0.13553122 0.04760409
 0.09389038 0.05683547 0.08238659 0.05711284 0.14912803 0.03520201
 0.03599514 0.10472295 0.09741401 0.109677   0.05894981 0.06083804
 0.07828163 0.08894906 0.09297644 0.04706706 0.16038275 0.06959846
 0.0856937  0.12160857 0.08634567 0.0388074  0.10316229 0.06397272
 0.05836851 0.10534974 0.0710561  0.20634848 0.02992995 0.09588224
 0.04801572 0.13502786 0.11559084 0.06790662 0.02941173 0.17635471
 0.0879032  0.04778215 0.10747293 0.16238923 0.18840736 0.06724592
 0.22677633 0.10184374 0.12163532 0.1259833  0.04818659 0.02309547
 0.09698775 0.03051024 0.12881134 0.06615189 0.07741902 0.10472012
 0.12676726 0.05999803 0.05004158 0.13727686 0.17879817 0.21468252
 0.0429986  0.08091787 0.19360489 0.06744484 0.02919106 0.16896611
 0.08165637 0.05242502 0.07539428 0.1156712  0.07054441 0.08045721
 0.07757779 0.14077877 0.34387016 0.20118575]"
Mouse	K-S	0.08648193359375	0.0017599664390087124	0.19580078125	"[0.15112305 0.0949707  0.15600586 0.07080078 0.06152344 0.03637695
 0.03833008 0.09326172 0.08178711 0.04980469 0.05761719 0.11572266
 0.02929688 0.10253906 0.05102539 0.06225586 0.02978516 0.11499023
 0.08325195 0.10327148 0.04736328 0.04199219 0.06079102 0.09179688
 0.02612305 0.10791016 0.0480957  0.04077148 0.15039062 0.03540039
 0.05688477 0.07983398 0.07788086 0.04248047 0.0246582  0.13378906
 0.12524414 0.04956055 0.05493164 0.07543945 0.12695312 0.1184082
 0.13671875 0.15551758 0.06274414 0.01416016 0.05639648 0.08911133
 0.02148438 0.09594727 0.08520508 0.1628418  0.08544922 0.06689453
 0.06054688 0.12231445 0.05932617 0.05761719 0.04931641 0.07006836
 0.07543945 0.02685547 0.12915039 0.13427734 0.07348633 0.0324707
 0.17578125 0.12841797 0.0378418  0.15795898 0.09375    0.03710938
 0.07910156 0.06469727 0.05883789 0.06713867 0.03955078 0.09814453
 0.09667969 0.07861328 0.13574219 0.14770508 0.13671875 0.13793945
 0.08959961 0.07617188 0.10229492 0.05249023 0.04931641 0.09057617
 0.16918945 0.04663086 0.13134766 0.09643555 0.12426758 0.11132812
 0.13696289 0.10351562 0.17675781 0.19580078]"
Mouse	Wasserstein	0.04195227256984055	0.000845278306309656	0.13839789777629094	"[0.08149978 0.02663837 0.08947468 0.01077453 0.0107032  0.00966979
 0.0115363  0.042321   0.05707784 0.0205407  0.0229939  0.04902188
 0.01543315 0.02046912 0.04918735 0.0127567  0.02083154 0.01338156
 0.06113723 0.04647469 0.02148189 0.02058859 0.02683994 0.02321266
 0.02175612 0.01865417 0.02015211 0.02612431 0.11590509 0.01619565
 0.00224261 0.05198605 0.04560902 0.01050133 0.01477292 0.06207682
 0.04994475 0.02402447 0.03387186 0.02167941 0.06689085 0.06454584
 0.06196184 0.09300942 0.04048308 0.006578   0.03476646 0.03721688
 0.00744171 0.05886151 0.04924841 0.12711144 0.02922881 0.02501653
 0.02772678 0.06686658 0.01836659 0.03197875 0.00676064 0.03043346
 0.04446786 0.02549929 0.07702204 0.01961857 0.01608586 0.01930883
 0.1383979  0.08021882 0.06731555 0.06506824 0.03916125 0.01901477
 0.09076265 0.02600644 0.01963215 0.02517655 0.04777386 0.03665682
 0.07618352 0.03959956 0.0470044  0.08681854 0.03943132 0.05581579
 0.07066875 0.02551472 0.12228054 0.02461201 0.00686594 0.06417003
 0.04408409 0.00768341 0.03730706 0.04475621 0.04217147 0.04747838
 0.03310508 0.05567543 0.06209176 0.12068511]"
Drosophila melanogaster	Normalized Euclidean	0.5440566019793531	0.01498132764445768	0.8961068160704655	"[0.3755068  0.4517727  0.6698341  0.4109167  0.44027222 0.42924741
 0.69391647 0.42717843 0.72076304 0.42298642 0.71136449 0.41722297
 0.50246934 0.63930794 0.62423559 0.43257937 0.69028939 0.44530619
 0.67528588 0.51447916 0.37219707 0.53326148 0.42846884 0.46370111
 0.57154069 0.49917625 0.56382064 0.5877173  0.72968264 0.56510348
 0.42899768 0.39627929 0.42537135 0.57454639 0.43984481 0.86243704
 0.53892614 0.51416885 0.46529901 0.50609686 0.60390115 0.73771266
 0.63090654 0.41540157 0.47823213 0.51080173 0.41780716 0.50129561
 0.46853651 0.42924467 0.47235061 0.46001592 0.678758   0.43085685
 0.59247007 0.31247849 0.66253811 0.35236339 0.60478469 0.66334432
 0.48747072 0.52870924 0.70180425 0.64644013 0.50831576 0.47206638
 0.34708567 0.6506534  0.41399729 0.72527344 0.42112701 0.55394809
 0.57971144 0.61063008 0.54151984 0.45062432 0.55528009 0.62936833
 0.39899879 0.50235446 0.79631878 0.5326731  0.59744668 0.71167695
 0.60172503 0.60673184 0.36600758 0.44984875 0.46058461 0.74056055
 0.77948534 0.56896064 0.56551359 0.62068531 0.49883746 0.43941624
 0.532736   0.52061461 0.89610682 0.80897988]"
Drosophila melanogaster	Cosine	0.15829809576864454	0.007862400260213566	0.5560311899272898	"[0.07244105 0.10467801 0.24393426 0.08814358 0.09934414 0.08849664
 0.25275298 0.09051915 0.2990407  0.09357704 0.27945824 0.08902561
 0.10822301 0.16798836 0.21512657 0.09552297 0.17824901 0.09970855
 0.23489346 0.13178495 0.0713609  0.14262502 0.07132076 0.11269255
 0.17246702 0.10867189 0.12263726 0.18604737 0.28090883 0.16986703
 0.09578963 0.08108493 0.09424768 0.1596144  0.10191567 0.4523542
 0.14383249 0.09441078 0.10078219 0.12282098 0.18941688 0.3227075
 0.16350328 0.08770723 0.10150961 0.13942313 0.08729852 0.12908414
 0.11329143 0.09444416 0.11663345 0.093887   0.24824817 0.096693
 0.14434406 0.04952631 0.17555602 0.06383825 0.18680409 0.11374336
 0.10809845 0.13273701 0.26927209 0.2329176  0.11444507 0.11624499
 0.06033756 0.20096215 0.08801622 0.30060694 0.09247103 0.16710877
 0.10931115 0.20788136 0.15816362 0.10262815 0.16020532 0.15590407
 0.0827815  0.12907485 0.38525367 0.14983184 0.18915007 0.27514366
 0.13752415 0.20429253 0.06266281 0.10493627 0.10284704 0.30828899
 0.37125079 0.17741318 0.12524163 0.19644561 0.10439854 0.10035201
 0.15303143 0.14591762 0.55603119 0.35460919]"
Drosophila melanogaster	Manhattan	184.6697494178225	3460.4671723844403	425.8391851042626	"[124.50105725 111.43246304 229.6369935  144.76014237 130.91738208
 149.90739827 252.86169792 140.2055076  327.22366006 129.55976564
 238.6572999  140.85410376 168.60609834 218.58364983 147.0847271
 123.05957989 271.22369295 155.33939905 153.38407996 172.71949488
 133.93913402 243.16671426 136.0191842  146.85355846 183.85265341
 150.93143434 202.19857287 253.10710675 297.49517638 191.14338706
 132.96953539 141.43354961 152.07651228 207.56482779 120.79565322
 224.27509212 189.55633509 201.74043748 117.31823334 182.26579037
 139.23196141 255.16814699 231.72279753 126.90925842 232.73476597
 174.97108702 145.97594879 192.81373131 130.32187366 112.32814888
 163.67908834 139.81259169 263.02022529 107.54529648 215.45164212
  95.03709523 244.77867534 123.44003695 236.34029542 324.19322425
 134.84041116 189.89257446 155.93339434 165.57723702 129.38861327
 165.51154513 104.60993711 233.69451846 127.99120907 262.67490955
 158.89346931 193.09784991 213.66173225 207.11399825 118.43259534
 146.32931576 212.65836669 225.05476575 131.8730499  157.57696701
 293.77819878 188.07985284 164.68094888 188.03119867 229.4233853
 176.55065916 142.51119476 135.77626188 166.81605332 425.8391851
 294.89815974 221.73962557 202.87322375 211.11065128 174.3860414
 153.14298433 130.39661449 167.16840632 292.43569885 277.83316468]"
Drosophila melanogaster	Descriptor	0.6556067525309868	0.02088785172196217	1.292973689524401	"[0.61363899 0.60360886 0.58183453 0.52494308 0.62618586 0.69434085
 0.5216595  0.50789415 0.70006272 0.66615933 0.60432523 0.55295815
 0.56847031 0.6788555  0.60252946 0.62294848 1.0955231  0.53703576
 0.48191362 0.53476077 0.5084527  0.87251545 0.51304565 0.53627464
 0.53123805 0.83737561 0.61476305 0.55103136 0.81970098 0.71721719
 0.76307214 0.56879465 0.59184025 0.56273193 0.68772202 0.56438029
 0.53076585 0.62637055 0.55620052 0.45649211 0.55192181 0.50669393
 0.93364625 0.68378853 0.57991746 0.72747787 0.7739319  0.81175408
 0.70002985 0.64485305 0.60318471 0.78318516 0.71107799 0.67868012
 0.60049627 0.59463955 0.74877496 0.50719337 0.90279639 0.87663053
 0.79855529 0.50815071 0.43787183 0.70128535 0.59411037 0.71912901
 0.68573258 0.93050354 0.62321667 0.69376194 0.66666777 0.79837717
 0.64426633 0.51549513 0.74929732 0.5011761  0.65828014 0.58606745
 0.72454811 0.61924642 0.76907047 0.6883176  0.45867659 0.63386276
 0.98833573 0.57822794 0.48228788 0.67937743 0.48275499 0.95218261
 0.74044881 0.77760986 0.60511662 0.51431566 0.49766606 0.59996177
 0.63118626 0.54484325 1.29297369 0.83741302]"
Drosophila melanogaster	DSSIM	0.4896742502778259	0.017883433623674127	0.8312359879440026	"[0.33717467 0.36931399 0.62989621 0.38296172 0.35538664 0.39263134
 0.60816163 0.35810732 0.70971665 0.32869079 0.65879603 0.36270469
 0.45448121 0.57654609 0.52820643 0.3151503  0.70954004 0.41007955
 0.51339929 0.42172079 0.32942655 0.5463058  0.32264261 0.40178462
 0.51632893 0.44928727 0.51348126 0.54394718 0.72754487 0.49210672
 0.34082884 0.35856874 0.3857483  0.51747335 0.32045557 0.78061238
 0.49908687 0.45184834 0.30683918 0.44841739 0.52780176 0.72388621
 0.62678818 0.33980231 0.47076147 0.50643125 0.3926813  0.53280973
 0.40593542 0.34887171 0.42927883 0.38017198 0.62672567 0.33753462
 0.56642553 0.25826132 0.62447488 0.3025285  0.61061108 0.64471
 0.41253782 0.48504764 0.55284807 0.59001844 0.42313254 0.47151401
 0.26501087 0.64284892 0.3382988  0.69466111 0.35549259 0.5157539
 0.51802947 0.55633552 0.45661289 0.39594551 0.50059622 0.56806227
 0.34080459 0.43080017 0.75043119 0.48367671 0.50718534 0.62153942
 0.59873804 0.54096394 0.31601373 0.36534488 0.42849012 0.77303776
 0.78819133 0.53902443 0.5062545  0.57103537 0.39860211 0.39037813
 0.47126243 0.4761042  0.83123599 0.7636721 ]"
Drosophila melanogaster	LPIPS	0.15108313646167518	0.0070993009918501855	0.4738736152648926	"[0.05847856 0.05548157 0.20774396 0.06956983 0.08129983 0.06627627
 0.241638   0.09187313 0.33928174 0.14693083 0.25019118 0.06590617
 0.06342512 0.19498786 0.16693521 0.13824727 0.18172614 0.06373704
 0.1777654  0.11564775 0.07145354 0.19511183 0.07598209 0.10001494
 0.113767   0.07806251 0.1203125  0.16632044 0.16086273 0.25632063
 0.12209909 0.07837377 0.08543465 0.16018602 0.13243605 0.37379891
 0.12274663 0.0886831  0.12508401 0.17671007 0.12057401 0.18082985
 0.17067854 0.14274    0.0968319  0.0907518  0.07933079 0.11408919
 0.06548229 0.0497832  0.15829471 0.06162406 0.26199356 0.05108366
 0.15847284 0.07268222 0.16079471 0.03210307 0.16719355 0.16424528
 0.06484702 0.14098172 0.15898621 0.25624287 0.06397842 0.07440683
 0.08303319 0.20830864 0.09869783 0.34565023 0.14384615 0.21381134
 0.1371868  0.15561488 0.11321511 0.06869713 0.23621336 0.17828801
 0.13761562 0.13719526 0.43377614 0.13702178 0.16040155 0.31260276
 0.17825821 0.18254307 0.06980816 0.16420369 0.09701386 0.47387362
 0.30655956 0.23517936 0.13456245 0.16713539 0.16627416 0.09405423
 0.09966198 0.1274606  0.31169483 0.25892907]"
Drosophila melanogaster	K-S	0.23141845703125	0.001596052521467209	0.278076171875	"[0.27197266 0.2565918  0.17919922 0.27441406 0.26513672 0.26806641
 0.20019531 0.26464844 0.21069336 0.24780273 0.18847656 0.27612305
 0.25390625 0.20385742 0.19140625 0.26074219 0.27612305 0.25366211
 0.17578125 0.27124023 0.26879883 0.26000977 0.26586914 0.26074219
 0.20800781 0.22558594 0.22363281 0.23144531 0.21386719 0.21435547
 0.23388672 0.26953125 0.27661133 0.23095703 0.23999023 0.12207031
 0.23828125 0.2734375  0.24536133 0.21459961 0.20727539 0.12304688
 0.19628906 0.25073242 0.27807617 0.25268555 0.24536133 0.27001953
 0.27392578 0.26269531 0.2331543  0.27319336 0.23632812 0.25048828
 0.20776367 0.25610352 0.20361328 0.27661133 0.24194336 0.25561523
 0.2590332  0.23657227 0.14624023 0.27001953 0.22460938 0.26953125
 0.25219727 0.22949219 0.25146484 0.12597656 0.26733398 0.25073242
 0.23095703 0.22924805 0.20141602 0.25512695 0.2644043  0.20263672
 0.2434082  0.24633789 0.12670898 0.22119141 0.17285156 0.14111328
 0.25561523 0.15966797 0.26708984 0.23291016 0.26049805 0.16430664
 0.20043945 0.20581055 0.23217773 0.20288086 0.23999023 0.26000977
 0.19995117 0.26879883 0.24975586 0.12133789]"
Drosophila melanogaster	Wasserstein	0.04341221573890705	0.001006792041339085	0.16763000597038924	"[0.04887333 0.03199203 0.06264835 0.05055578 0.03118991 0.0520155
 0.07177911 0.03186619 0.08911063 0.02527519 0.09266467 0.04250111
 0.03959483 0.02942381 0.05951582 0.01996387 0.02270001 0.04028106
 0.07395968 0.01805655 0.06004569 0.01954336 0.01016865 0.02090791
 0.02025394 0.01736393 0.01149906 0.03431652 0.06623821 0.04743445
 0.02764249 0.05535324 0.06743402 0.01792545 0.03161267 0.16763001
 0.02625104 0.04703289 0.02038241 0.03195615 0.0339149  0.11443156
 0.02487975 0.02186057 0.07179933 0.01308545 0.01623762 0.02502287
 0.05359995 0.0394548  0.02884643 0.05293654 0.05739735 0.03132372
 0.02168962 0.01600978 0.0262448  0.04303318 0.03760164 0.03947096
 0.04990026 0.01418186 0.07808149 0.02313917 0.03464249 0.04808691
 0.01305791 0.03437741 0.01428398 0.12718762 0.01684049 0.03079205
 0.01785552 0.04093723 0.0289256  0.02982975 0.02969491 0.03333784
 0.02097893 0.01686726 0.15249404 0.02211624 0.04357541 0.10396392
 0.01663889 0.06265537 0.02774211 0.03522483 0.01777918 0.11940977
 0.11702399 0.04314364 0.01262247 0.04728061 0.02275798 0.01615408
 0.0200051  0.10792559 0.02957707 0.1163323 ]"
Saccharomyces cerevisiae	Normalized Euclidean	0.4960900557684216	0.017998301380403266	0.8887010499827391	"[0.34045656 0.44158296 0.69045752 0.3498197  0.37180119 0.33832811
 0.7001738  0.39842117 0.68010776 0.33458342 0.66871043 0.35952748
 0.48099676 0.61586997 0.62709506 0.37201027 0.44737103 0.37572346
 0.64720361 0.37829344 0.36213305 0.51357855 0.40781963 0.41575238
 0.45499443 0.39102774 0.52793521 0.64669907 0.75141097 0.54076453
 0.33185663 0.3358144  0.3380821  0.47483558 0.37697694 0.77406036
 0.45653519 0.40937329 0.43921884 0.45261561 0.65640908 0.75145422
 0.52511006 0.36139193 0.33556089 0.41371982 0.33645855 0.41517255
 0.40734415 0.39491585 0.45158059 0.33617265 0.6086678  0.41060308
 0.52568731 0.35743569 0.66086335 0.34241333 0.49935339 0.51019676
 0.37817512 0.51789732 0.72730445 0.61488019 0.62575556 0.38495373
 0.35100273 0.60213798 0.39231614 0.62917389 0.36854788 0.55737063
 0.52874065 0.63075588 0.57107299 0.39274424 0.54039632 0.55036534
 0.33011447 0.48038128 0.69912379 0.53156458 0.61516124 0.69419644
 0.45560445 0.62691007 0.34681536 0.37934156 0.35633208 0.65070331
 0.77001524 0.54418946 0.49557372 0.54759957 0.42896265 0.43229522
 0.54181233 0.35986235 0.88870105 0.74962506]"
Saccharomyces cerevisiae	Cosine	0.13416546482426817	0.008026870015650901	0.5406122345006816	"[0.05849752 0.07642078 0.26413192 0.06203325 0.06688615 0.0589689
 0.2679462  0.06208642 0.26354073 0.05727687 0.24283083 0.06449262
 0.08227727 0.15884446 0.22037154 0.06129853 0.10553582 0.07134848
 0.23767454 0.07340322 0.06786325 0.1377683  0.0681466  0.08262078
 0.1006087  0.07765142 0.11210471 0.2370711  0.33137884 0.15374744
 0.05357717 0.05688436 0.05862784 0.10228934 0.06311587 0.36586708
 0.10443316 0.06716676 0.06941042 0.10820794 0.16804666 0.3284965
 0.14472203 0.06411361 0.05777634 0.08623385 0.05813506 0.08720793
 0.06133668 0.06330661 0.10740341 0.0516514  0.20094203 0.06396522
 0.11387464 0.06370518 0.18965401 0.06019868 0.12925204 0.08966101
 0.06731717 0.12610703 0.31073898 0.19992137 0.1108591  0.07633206
 0.06289289 0.19744209 0.0772179  0.22229939 0.07023157 0.15651882
 0.09580906 0.21876698 0.15478606 0.07772262 0.14765567 0.11449261
 0.05578793 0.12292224 0.26721008 0.14718062 0.18814087 0.23947986
 0.10508659 0.21792435 0.0618328  0.07148046 0.06320668 0.21803234
 0.35965798 0.16013192 0.08468098 0.15643128 0.08434743 0.0960077
 0.15762305 0.06434945 0.54061223 0.30321827]"
Saccharomyces cerevisiae	Manhattan	171.30638173639517	2621.3624274165763	356.8722526867628	"[120.85082277 147.80253285 251.10474613 120.05938621 121.05928529
 115.10001394 238.75488937 144.26360638 294.78437289 106.19285243
 225.19357582 116.16739129 164.85487347 208.39458346 207.41181267
 124.79072143 161.95234071 128.3425625  203.63330897 120.31382962
 118.76996723 215.17739629 127.84843283 139.75587125 150.208187
 126.89340894 180.44290614 253.5765794  258.99522357 178.90943474
 118.18421567 111.68007743 114.14061946 171.21434023 128.23810936
 260.43550588 154.97168381 134.87445336 141.49099822 139.94860651
 226.24709847 250.62147112 181.25603552 126.26335416 114.47006873
 137.69854931 118.82986508 150.02726311 146.7054495  129.3350912
 160.09690247 118.54792131 235.83388614 133.68420068 179.7396699
 121.61846403 229.13272893 110.69557703 190.64838652 166.4259532
 122.79370953 189.03099571 239.23298089 168.37513741 237.04666955
 131.89532006 116.33470892 207.58743365 135.7552685  228.02514695
 133.98029177 188.44033094 182.6291466  193.78970959 197.09329272
 123.24224398 196.07759742 194.94946189 117.89019106 163.12242964
 265.06677621 178.13490096 207.73519317 222.88646935 165.87345694
 222.76041842 113.42567337 133.62463816 119.27491875 356.87225269
 251.7447542  200.86880713 178.21547466 176.64379398 142.82211578
 142.81126847 169.25109377 126.23399076 282.18583407 232.25281412]"
Saccharomyces cerevisiae	Descriptor	0.5641150447383716	0.010845080687415305	1.221879715932415	"[0.48673334 0.52254866 0.60142545 0.50338216 0.51267904 0.48250746
 0.51639778 0.51477968 0.68156271 0.52840448 0.62942126 0.53413615
 0.56660723 0.69487695 0.51507358 0.5400594  0.64288717 0.50231427
 0.50468893 0.52109636 0.47458847 0.73128363 0.53486511 0.48194863
 0.48551827 0.45895089 0.6032254  0.61658    0.69805504 0.55915425
 0.47993046 0.47386415 0.51458984 0.52392045 0.52323039 0.66270056
 0.50493934 0.54578113 0.5748085  0.46012846 0.78100069 0.51746071
 0.53905787 0.50431624 0.55906474 0.57563209 0.49240394 0.60547065
 0.55900912 0.51681485 0.50095466 0.49939512 0.64286595 0.50666422
 0.58737693 0.4975815  0.70408481 0.5004826  0.63426355 0.59084217
 0.50027539 0.55178564 0.56124717 0.52166557 0.80210108 0.53605929
 0.49590765 0.61632177 0.48339236 0.51780941 0.58123581 0.575414
 0.63262084 0.47172772 0.56117977 0.48508049 0.62305499 0.60164133
 0.48366532 0.51394673 0.48135176 0.57594852 0.59957082 0.74852411
 0.584857   0.43760092 0.49813747 0.4859544  0.51481613 0.74582614
 0.65521026 0.66696947 0.56162722 0.50643044 0.49630222 0.54019474
 0.47849651 0.45764656 1.22187972 0.81364028]"
Saccharomyces cerevisiae	DSSIM	0.42804680685821256	0.024075385818836795	0.8120604415143954	"[0.25073688 0.3552793  0.68060787 0.26773041 0.27724093 0.24595292
 0.63440387 0.30813588 0.66533502 0.24307078 0.63855005 0.25543756
 0.3934324  0.56890047 0.59098699 0.27656483 0.41570051 0.30383386
 0.5987236  0.2732013  0.25898389 0.48028501 0.30518672 0.33491439
 0.37698238 0.32106459 0.46565216 0.60475808 0.74794657 0.47297145
 0.24892279 0.23504273 0.24009899 0.40260785 0.28432651 0.76869191
 0.37754256 0.31125867 0.3245329  0.38685148 0.60948449 0.73101059
 0.47288942 0.28572077 0.24549193 0.3455218  0.25923283 0.34837843
 0.30453146 0.2988807  0.402497   0.23936252 0.54728275 0.30612197
 0.46849731 0.25188765 0.61150372 0.23867783 0.44098286 0.42208896
 0.2948937  0.46595359 0.6830939  0.51102711 0.56951161 0.32438279
 0.25206907 0.54343299 0.3211209  0.59944754 0.30039101 0.46662351
 0.45924541 0.56845485 0.52151582 0.31745721 0.47464196 0.47920872
 0.2478925  0.41734646 0.64309552 0.47120818 0.57812277 0.66506644
 0.39300604 0.59396207 0.24684754 0.30865184 0.28242581 0.65090167
 0.75397575 0.51102163 0.40710627 0.48124116 0.34263053 0.35746119
 0.49195797 0.26120892 0.81206044 0.71252624]"
Saccharomyces cerevisiae	LPIPS	0.14542849265038968	0.004769552044563738	0.29061198234558105	"[0.05922249 0.09677119 0.22504999 0.06912167 0.09259235 0.07222469
 0.23080181 0.08083705 0.28894812 0.06122605 0.21232249 0.07094003
 0.10158978 0.20220456 0.20743448 0.04989127 0.15916547 0.08897884
 0.19805753 0.07648791 0.07936048 0.20963582 0.08539242 0.08905385
 0.12469885 0.10186666 0.15400054 0.24705917 0.24026263 0.20885447
 0.07207645 0.06752787 0.05823942 0.14714584 0.07214058 0.23967946
 0.14105812 0.06193293 0.09211148 0.12148749 0.21630938 0.2235164
 0.19419749 0.07967848 0.05759847 0.12458143 0.07135275 0.11865411
 0.07163885 0.081641   0.14442822 0.05776706 0.23231363 0.07230033
 0.16605341 0.07049313 0.20356207 0.04862832 0.18819323 0.11120604
 0.07297961 0.17429897 0.25463888 0.24361169 0.16958526 0.10483955
 0.07603662 0.22058783 0.09692334 0.23759881 0.09612826 0.20850788
 0.13718729 0.19256894 0.19589905 0.07363615 0.21539193 0.1500421
 0.06818093 0.16607806 0.26299736 0.19626079 0.20451719 0.24071383
 0.15759265 0.22344902 0.06960215 0.08894201 0.06843846 0.28233555
 0.25765386 0.22020313 0.12255874 0.14607424 0.11184097 0.14885715
 0.16839282 0.09817664 0.29061198 0.23734346]"
Saccharomyces cerevisiae	K-S	0.19534912109375	0.002134393900632858	0.258544921875	"[0.24145508 0.22167969 0.09960938 0.24169922 0.24316406 0.2277832
 0.13256836 0.22729492 0.16503906 0.24145508 0.14941406 0.24609375
 0.20117188 0.17041016 0.14624023 0.25341797 0.25854492 0.20898438
 0.13647461 0.23413086 0.24853516 0.20654297 0.23046875 0.21948242
 0.19946289 0.19555664 0.19116211 0.16259766 0.11450195 0.16601562
 0.23291016 0.23632812 0.25585938 0.20556641 0.23706055 0.12231445
 0.19287109 0.2434082  0.22460938 0.17382812 0.17358398 0.07861328
 0.16455078 0.234375   0.24926758 0.23095703 0.21899414 0.23608398
 0.24462891 0.22363281 0.17138672 0.24755859 0.18139648 0.20849609
 0.19018555 0.23876953 0.14575195 0.25756836 0.20458984 0.1965332
 0.21826172 0.19506836 0.09130859 0.2512207  0.18432617 0.23730469
 0.2565918  0.18774414 0.21704102 0.07348633 0.23730469 0.19458008
 0.19140625 0.14257812 0.16162109 0.21679688 0.21044922 0.16894531
 0.23754883 0.19702148 0.08276367 0.17773438 0.13647461 0.11791992
 0.21923828 0.10986328 0.24047852 0.22827148 0.24389648 0.14331055
 0.13354492 0.15771484 0.19580078 0.19189453 0.20629883 0.19506836
 0.1628418  0.22021484 0.1965332  0.10180664]"
Saccharomyces cerevisiae	Wasserstein	0.04354440225353069	0.0013243649773618956	0.1369981489084699	"[0.02748501 0.00972694 0.10317524 0.01032668 0.00618469 0.01258024
 0.10677763 0.00638994 0.10094366 0.01111103 0.09344652 0.01355464
 0.01534278 0.0503657  0.09015187 0.00970739 0.01836056 0.01352826
 0.09751987 0.00936936 0.03785142 0.05787998 0.00528053 0.0182948
 0.02548115 0.01580637 0.02845257 0.09704411 0.12042949 0.06519452
 0.00919791 0.01862525 0.02654291 0.03380869 0.0062932  0.13699815
 0.03559982 0.00889961 0.00614399 0.03856778 0.05426667 0.13496269
 0.05766615 0.00527771 0.01875236 0.01954556 0.00511667 0.02715272
 0.00792399 0.00590887 0.04855766 0.02144843 0.08594201 0.00491573
 0.02824272 0.03344059 0.07466127 0.03110322 0.05526276 0.0123433
 0.00627003 0.0503603  0.11772612 0.01504573 0.01950481 0.01118697
 0.03749893 0.07927599 0.01467841 0.09725793 0.01199047 0.06313819
 0.0155759  0.09312395 0.06285795 0.01255358 0.06154542 0.04053177
 0.01320218 0.05121353 0.11526763 0.06133054 0.07209503 0.08523554
 0.04034133 0.09432797 0.01697367 0.00544104 0.00584795 0.09555485
 0.11567016 0.07115009 0.02570507 0.04473435 0.02639463 0.03840094
 0.06532243 0.02989852 0.02539717 0.11388183]"
Arabidopsis thailana	Normalized Euclidean	0.49965479380419103	0.02363393817090044	0.9588500026380893	"[0.38968178 0.57926115 0.6660406  0.34953205 0.37237088 0.36973318
 0.7587202  0.35008757 0.67214029 0.30971602 0.69777111 0.33237398
 0.39768063 0.56433506 0.63814458 0.32747431 0.46233943 0.38370736
 0.7082881  0.54063315 0.34205676 0.54001311 0.37426365 0.41088282
 0.50842725 0.3893417  0.50450921 0.70775649 0.75770587 0.49916608
 0.30522579 0.35779473 0.3178752  0.4516891  0.35501295 0.81808879
 0.49321573 0.38641135 0.36378784 0.44503285 0.63443676 0.84361817
 0.52056049 0.32737556 0.3276462  0.41754741 0.36501845 0.46347264
 0.36102464 0.34851216 0.48688659 0.5416631  0.64411075 0.36630966
 0.52345609 0.32306868 0.62711513 0.30162239 0.46841845 0.4591261
 0.3353372  0.47342196 0.80758565 0.6209456  0.56558735 0.38635646
 0.29753567 0.62288728 0.37785259 0.62293383 0.38738379 0.56526218
 0.51138595 0.70398855 0.56340033 0.3894555  0.54237627 0.51432448
 0.30442626 0.4849053  0.69484021 0.57215411 0.60630266 0.70434983
 0.45730121 0.64625483 0.32762711 0.34916588 0.336562   0.6983896
 0.76749218 0.60284071 0.45479307 0.51869383 0.40235262 0.42675105
 0.57430193 0.33733899 0.90248726 0.95885   ]"
Arabidopsis thailana	Cosine	0.1398445714817175	0.010524341241871422	0.5584828793958347	"[0.05968775 0.07787951 0.25086038 0.0614148  0.07128287 0.05692759
 0.29081063 0.06177258 0.25251079 0.04873488 0.28218577 0.05631037
 0.07807017 0.16211264 0.22498956 0.05408042 0.10440608 0.07633284
 0.27006799 0.11437276 0.05783244 0.14542626 0.05993278 0.08664148
 0.10021199 0.07801806 0.13056081 0.28537392 0.34698317 0.13047955
 0.04769216 0.05282174 0.05052175 0.099432   0.05664232 0.3951051
 0.12355529 0.0609218  0.06837277 0.10427304 0.16071328 0.37047907
 0.14549407 0.05423857 0.05305424 0.08354736 0.05426148 0.09346023
 0.06599201 0.0592908  0.12638588 0.09490279 0.22975633 0.0623125
 0.11283904 0.05258734 0.20747336 0.04648762 0.11633792 0.08442313
 0.05751724 0.11577192 0.34550176 0.21345666 0.09647631 0.07717792
 0.04190001 0.21652487 0.07390192 0.21249311 0.07150313 0.17503281
 0.09472805 0.25342853 0.14848073 0.07895438 0.15978903 0.11638591
 0.04549258 0.12535778 0.28075255 0.17963788 0.19666838 0.2412788
 0.1066498  0.21226531 0.05507253 0.06174753 0.05780488 0.23521834
 0.34867161 0.18962554 0.07185252 0.14486241 0.08361598 0.0953034
 0.17666752 0.05604567 0.55848288 0.50271315]"
Arabidopsis thailana	Manhattan	157.97214835999904	2970.666053243212	386.858462173661	"[168.50612135 280.79920249 170.26546807 109.30990902 107.86991868
 158.37743722 257.02232384 105.55425256 301.53515422  96.1595541
 173.51692667 100.40614317 103.66468265 141.32362445 175.56974645
  97.74424734 166.44649907 127.07152106 172.9078013  216.66749596
 118.66300279 223.66343152 109.30140945 124.59894596 201.07139353
 109.32960944 127.3665342  274.23457017 201.79012161 162.15126834
  97.34897286 152.94415199 123.27198136 148.55077724 113.38830552
 221.62024971 130.83969447 118.63436385  86.15934099 136.17669136
 201.11573918 217.45107992 173.70961977 100.05188831 115.85079227
 172.20866129 150.19802288 164.53863488  94.56738308  97.16179437
 152.05428899 267.05921056 240.0315789  103.52585295 171.19449289
  92.39154843 158.27495614  94.02020316 175.01239994 121.79623564
  95.34251322 146.64264206 198.82204159 148.47019029 172.88460322
 126.47722531  92.51346965 205.20837235 108.79154518 226.14202083
 137.81917433 185.13295942 155.98806441 184.63858589 189.61372093
 110.87949549 188.67738604 149.55517484 103.868541   164.98992404
 252.3077561  185.59504667 174.31886167 230.61953002 160.27392079
 191.32337344 103.58896835 106.53824811  98.10894143 386.85846217
 218.1583811  219.51779587 154.26008097 139.84648149 116.51803703
 155.60334427 147.18167003  92.41367212 189.46686035 108.22052433]"
Arabidopsis thailana	Descriptor	0.5756333980016125	0.007383905763961804	0.944133638214076	"[0.58706888 0.77596518 0.46209103 0.61719487 0.6231862  0.53996278
 0.50201553 0.52808184 0.53163652 0.55829959 0.52455884 0.54431916
 0.53898187 0.55572253 0.49234676 0.56633379 0.74305314 0.5495439
 0.49495026 0.60691492 0.50701224 0.74491614 0.55020197 0.53150788
 0.57994508 0.53129057 0.52776014 0.71805846 0.56082604 0.53762206
 0.55254771 0.51997208 0.52326787 0.51906872 0.53855626 0.55330466
 0.55242846 0.53889389 0.59205785 0.46981753 0.72902269 0.51174199
 0.553997   0.53053935 0.60372013 0.50282596 0.49278823 0.72870486
 0.625179   0.55624213 0.61246029 0.69798617 0.70760158 0.50996942
 0.56281884 0.5081746  0.5769467  0.53884714 0.6441755  0.54573601
 0.53574283 0.52846037 0.4907051  0.63933166 0.68050456 0.64040076
 0.60611417 0.64533975 0.51623234 0.45069085 0.62493866 0.62942294
 0.55547545 0.49615585 0.59473763 0.53138903 0.65623215 0.50972367
 0.58421294 0.53009373 0.58552175 0.6727377  0.51237458 0.74412307
 0.663517   0.45901546 0.53587257 0.5244311  0.53362701 0.8354347
 0.57850942 0.7280521  0.56674739 0.49241323 0.51575054 0.48034494
 0.48754773 0.4819012  0.94413364 0.54461944]"
Arabidopsis thailana	DSSIM	0.40238754827362966	0.022321258987330818	0.7287432551758499	"[0.30987699 0.5118504  0.54443456 0.25114855 0.2598164  0.28665836
 0.64103703 0.23705676 0.62635757 0.21442488 0.57460981 0.21210484
 0.28675017 0.44665437 0.54372908 0.21863013 0.42748741 0.29525131
 0.56299091 0.50861336 0.23056583 0.49918497 0.24950961 0.30086356
 0.42155105 0.29952979 0.38336265 0.65565147 0.66625249 0.39625529
 0.22146769 0.28162131 0.25235931 0.34909273 0.241237   0.72874326
 0.36020895 0.25825955 0.22752723 0.3590258  0.55881526 0.68740855
 0.43983799 0.23185562 0.24686225 0.35354722 0.28446997 0.4003959
 0.23243908 0.23061675 0.41327802 0.53463513 0.58776581 0.24839955
 0.43800759 0.19862065 0.50693148 0.1937032  0.39969989 0.32271302
 0.23737192 0.37866564 0.64541314 0.54556908 0.44859492 0.31689682
 0.21447125 0.57416172 0.28543645 0.54210349 0.31211545 0.47954368
 0.40377501 0.56269227 0.49031738 0.28761582 0.46269083 0.39421876
 0.23427865 0.41654935 0.63122121 0.50029652 0.51714003 0.65335352
 0.40259187 0.52586477 0.2214824  0.25628516 0.23734038 0.67690045
 0.68184829 0.55495425 0.3370566  0.38810862 0.29040578 0.38415607
 0.45838537 0.1871536  0.66807145 0.58190153]"
Arabidopsis thailana	LPIPS	0.1384064256772399	0.0058213008137213106	0.37240901589393616	"[0.03795338 0.08488073 0.19817263 0.08097696 0.08893149 0.02996694
 0.20957826 0.06660581 0.26712024 0.05850629 0.22113626 0.06823332
 0.08826513 0.17284659 0.19016577 0.03969428 0.15189387 0.08917537
 0.22043994 0.10631306 0.0674507  0.20480892 0.06435109 0.09200616
 0.12049713 0.09810022 0.16478361 0.31442481 0.23979045 0.16717975
 0.05899318 0.03946528 0.03270689 0.12461923 0.05344509 0.23074698
 0.14375907 0.06099204 0.06111385 0.11931953 0.18665315 0.27366757
 0.17382576 0.06421803 0.06641418 0.08779858 0.03332761 0.15157247
 0.08612998 0.05524544 0.17650595 0.09299532 0.26557854 0.07009762
 0.14844288 0.06256826 0.17908974 0.04854192 0.13127948 0.09313586
 0.0759005  0.13621588 0.25237131 0.29575431 0.14801523 0.11598641
 0.05106826 0.21253777 0.08671192 0.21654515 0.08710368 0.20996414
 0.11701441 0.22505666 0.14836001 0.08327475 0.20211598 0.12090342
 0.05785847 0.12865853 0.25479734 0.23113725 0.19131666 0.23610811
 0.14223036 0.19881441 0.06197553 0.08716552 0.06013326 0.29600284
 0.25712785 0.24040142 0.09319443 0.14919809 0.09258281 0.09187832
 0.18216854 0.09646828 0.37240902 0.15761712]"
Arabidopsis thailana	K-S	0.1505517578125	0.002197336220741272	0.236328125	"[0.21923828 0.18530273 0.07519531 0.19140625 0.20800781 0.20092773
 0.09472656 0.16162109 0.12231445 0.20043945 0.09350586 0.20581055
 0.15722656 0.11108398 0.1184082  0.20214844 0.22314453 0.15478516
 0.08618164 0.21801758 0.20996094 0.15991211 0.17041016 0.15405273
 0.14770508 0.12988281 0.14111328 0.10742188 0.05004883 0.12426758
 0.17260742 0.20678711 0.23632812 0.16308594 0.20239258 0.04345703
 0.15136719 0.19262695 0.17016602 0.12109375 0.13989258 0.07592773
 0.10620117 0.19067383 0.19018555 0.21801758 0.19628906 0.17456055
 0.18530273 0.18652344 0.14404297 0.22583008 0.12158203 0.14648438
 0.14160156 0.20410156 0.13110352 0.20336914 0.17773438 0.14941406
 0.16381836 0.16381836 0.05664062 0.20800781 0.13354492 0.18310547
 0.18481445 0.1340332  0.15600586 0.05615234 0.16748047 0.15014648
 0.13354492 0.0871582  0.12573242 0.15307617 0.15209961 0.11816406
 0.19995117 0.16650391 0.06323242 0.15356445 0.07983398 0.0612793
 0.17504883 0.06738281 0.18579102 0.17797852 0.19140625 0.08544922
 0.04760742 0.140625   0.17211914 0.14355469 0.14306641 0.17724609
 0.12475586 0.18164062 0.11767578 0.07910156]"
Arabidopsis thailana	Wasserstein	0.060835906722789955	0.0018189088292221189	0.17787999809179963	"[0.02424888 0.01764832 0.11958672 0.03206986 0.03407779 0.01024768
 0.12152055 0.03792054 0.11034866 0.01386397 0.13595316 0.00707185
 0.03795415 0.07905678 0.10205852 0.01518804 0.04335799 0.05465854
 0.13275655 0.00890072 0.02232892 0.07500689 0.02800503 0.04858427
 0.04315785 0.04909901 0.07473696 0.13325921 0.15339445 0.07383456
 0.02474244 0.0154797  0.0129375  0.0508762  0.00900098 0.16740734
 0.07300942 0.01353913 0.03221228 0.05687877 0.06714659 0.17788
 0.07659068 0.01693145 0.01812148 0.01992817 0.00947047 0.05886581
 0.03374551 0.02789088 0.07752298 0.02541695 0.11024972 0.02793287
 0.04872005 0.01879149 0.10763755 0.00561055 0.05469505 0.04104209
 0.02591691 0.05557356 0.15551274 0.0461824  0.04136853 0.04543877
 0.01223823 0.09196596 0.04068893 0.10646662 0.03755133 0.09429254
 0.04424791 0.12719845 0.07261496 0.04461757 0.08475    0.06120442
 0.01358996 0.05948647 0.13600405 0.09771958 0.09971317 0.10251462
 0.05557962 0.11034901 0.00875811 0.03327324 0.02206646 0.1165339
 0.141351   0.1019604  0.02749365 0.06173697 0.04898325 0.0318901
 0.0988445  0.02141127 0.06833354 0.11799747]"
Paramecium caudatum	Normalized Euclidean	0.6659482410160547	0.015569541714015155	0.9334582489192531	"[0.48149254 0.64132996 0.82388437 0.53309315 0.58032874 0.49999584
 0.84813181 0.58297362 0.88790659 0.54241469 0.81974241 0.53426421
 0.64898971 0.77239687 0.80172941 0.56571743 0.58606351 0.55597609
 0.79129097 0.62136259 0.47578515 0.69027312 0.61209599 0.63060314
 0.67055768 0.5922844  0.70867167 0.91585435 0.85739956 0.6799482
 0.49732945 0.47945181 0.47809041 0.66008113 0.56356397 0.89276408
 0.66424789 0.60031839 0.62314833 0.65725984 0.78274379 0.8748566
 0.70208459 0.55742823 0.47036286 0.59529805 0.53082373 0.60254641
 0.57779108 0.59891102 0.6325442  0.50672905 0.82720013 0.64381333
 0.70857424 0.48115665 0.79653895 0.47473649 0.68231524 0.68809785
 0.56663916 0.69785013 0.86821404 0.74815935 0.73609153 0.54842233
 0.49658771 0.76165072 0.56164969 0.78393518 0.53286499 0.68587714
 0.70075343 0.79656128 0.73462616 0.61176993 0.71544991 0.72953257
 0.48363884 0.6819813  0.93345825 0.6908747  0.78749695 0.82506869
 0.63101507 0.77671191 0.51030051 0.5717584  0.58437518 0.80467166
 0.86114999 0.7483978  0.65343012 0.70947112 0.64784239 0.62834144
 0.73822105 0.45096662 0.92017841 0.87547291]"
Paramecium caudatum	Cosine	0.24046842613769062	0.015223397430249435	0.597074091079422	"[0.08615783 0.18638417 0.42460587 0.1317381  0.15408437 0.10613092
 0.43435336 0.15280316 0.40264673 0.12067855 0.40551721 0.11872166
 0.16697366 0.30583084 0.40113893 0.14058765 0.18971865 0.16290445
 0.37501881 0.16871961 0.0806236  0.26027561 0.15736358 0.17023925
 0.2149881  0.16784784 0.23661635 0.43011594 0.47686012 0.26610604
 0.10417942 0.0969575  0.07478501 0.20028357 0.13468536 0.54866476
 0.22030865 0.14479    0.14234843 0.22371578 0.26678053 0.50823801
 0.28321513 0.15281616 0.09729647 0.17641478 0.12708384 0.201411
 0.13823629 0.13534175 0.22543501 0.10434482 0.36218449 0.16802815
 0.24512878 0.08856293 0.33482035 0.10022505 0.26688936 0.17753315
 0.12218151 0.2435943  0.49995534 0.31692384 0.21469108 0.15103354
 0.09278433 0.34793543 0.14749563 0.36237177 0.15121034 0.27177535
 0.20533471 0.39537556 0.29449442 0.17983611 0.29723894 0.23887343
 0.10651922 0.26070486 0.46335517 0.27699942 0.36145546 0.36719294
 0.22388028 0.36880553 0.11575463 0.1633644  0.16782101 0.40029323
 0.48989362 0.31169035 0.18053173 0.27322257 0.1905724  0.21246525
 0.29236078 0.07346501 0.59707409 0.46985958]"
Paramecium caudatum	Manhattan	232.89572375926207	3936.5206009085564	465.63344540049764	"[157.35135443 188.69055088 289.04548524 168.90490215 176.77723038
 178.400278   339.84668187 179.73587674 392.77085911 181.00259171
 296.38872323 165.59775306 203.08038186 241.53279271 267.71265458
 165.16110394 216.09007063 196.4219684  300.08711956 210.69119696
 157.2599288  298.94765029 175.52961972 223.51806126 234.07926076
 193.40379376 218.58277423 357.58517742 306.60724282 274.72436608
 162.68609586 162.75515309 191.78663755 236.03145449 168.84304672
 333.95044469 236.16995091 176.77624055 180.05658254 227.59244454
 288.14500356 327.48203687 265.6237323  175.78589331 163.5594722
 226.68747516 184.03754012 216.65461231 172.67669223 182.83427898
 218.93912617 151.3060136  314.84979107 195.17317665 215.27739692
 146.79408214 258.57123644 146.18230179 276.94409426 216.19932921
 181.24228293 253.55984479 306.91750954 222.04359867 216.61866278
 191.01289957 155.64518983 311.54891033 191.74127509 344.276581
 195.09832239 274.84162141 210.40079208 285.57001964 232.34020454
 190.16653451 276.182969   247.11590528 158.92180041 243.56092737
 358.02553081 269.73835694 252.69918433 296.09615989 236.04136463
 289.09904347 167.96410998 180.47661871 177.87783915 465.6334454
 331.82579166 294.72271848 202.51163469 229.21073316 216.387752
 228.78800313 276.10822055 147.84909339 292.52500493 311.28713269]"
Paramecium caudatum	Descriptor	0.593454517349028	0.004683789143863383	0.8243615183027296	"[0.47038331 0.59127693 0.62654645 0.56815647 0.57818392 0.48474088
 0.59787365 0.58621077 0.62443742 0.51258335 0.62765235 0.54043442
 0.57052518 0.63588182 0.61189967 0.53831119 0.58032329 0.6518546
 0.6013103  0.55572894 0.47107986 0.62653138 0.57407647 0.57923712
 0.56409472 0.58168894 0.59802607 0.72445514 0.64662605 0.57344196
 0.5059849  0.48295482 0.49259984 0.58482005 0.54343537 0.65010457
 0.58305372 0.55580597 0.55199445 0.57840716 0.73527173 0.66990865
 0.6495729  0.58749754 0.52717986 0.54612794 0.52719422 0.6708868
 0.55588036 0.54639691 0.64058981 0.49480225 0.71136645 0.60055508
 0.5889958  0.47215327 0.66673065 0.5246634  0.63934619 0.56837685
 0.53870254 0.61590078 0.63205158 0.55414452 0.59811094 0.55716506
 0.52966842 0.58592777 0.52403618 0.59409217 0.5519091  0.58022377
 0.58211692 0.59718882 0.5962888  0.59799952 0.67553949 0.60416582
 0.53391606 0.62908183 0.72701561 0.5933246  0.62425918 0.72075839
 0.6739206  0.60531719 0.52059903 0.58625613 0.57197125 0.80129969
 0.62910519 0.71582929 0.58960694 0.56012357 0.57605411 0.59714182
 0.62016026 0.4443156  0.82436152 0.73957149]"
Paramecium caudatum	DSSIM	0.4910730291978884	0.02845768454617781	0.8382631499108938	"[0.25286277 0.40525259 0.72853087 0.30928132 0.33329213 0.29874007
 0.73221457 0.35261039 0.73510004 0.31031991 0.71655169 0.28787888
 0.4279501  0.61315908 0.69260006 0.30850817 0.4387964  0.38258867
 0.70463156 0.37814926 0.2540062  0.57072908 0.3648453  0.43204699
 0.47958585 0.40219076 0.52328365 0.72931857 0.77981478 0.57399694
 0.27435187 0.2607695  0.28110046 0.47647136 0.31891636 0.83826315
 0.48711987 0.34841511 0.35397362 0.50037558 0.65834366 0.8200318
 0.58131133 0.34246483 0.26244394 0.41815604 0.32341303 0.44106277
 0.31635852 0.34910267 0.49413888 0.25593569 0.65921943 0.38188791
 0.53170511 0.25764841 0.64693014 0.24978304 0.5495909  0.47620336
 0.34703253 0.5404957  0.7827379  0.56680319 0.52179085 0.3633376
 0.2562978  0.64958724 0.38259992 0.70899364 0.3597497  0.56098283
 0.48997153 0.69145888 0.58272726 0.40770571 0.57548137 0.54315944
 0.27165348 0.53041023 0.76731176 0.56552029 0.65766864 0.72063459
 0.49045424 0.68420862 0.2915278  0.3654782  0.35209265 0.74944134
 0.80895478 0.61926454 0.42625917 0.54962712 0.43825353 0.4532984
 0.61966238 0.24446746 0.73619489 0.75968069]"
Paramecium caudatum	LPIPS	0.3206668793410063	0.01239006159945339	0.513079047203064	"[0.14655212 0.29915044 0.45477512 0.21533926 0.2434465  0.13214564
 0.46755981 0.22499003 0.48228472 0.2150652  0.43152425 0.18131502
 0.26989937 0.4030807  0.45976195 0.20556018 0.24218512 0.26525664
 0.41602248 0.2821199  0.12931541 0.38619742 0.24930081 0.30992496
 0.31782144 0.26248941 0.36926839 0.49506873 0.43170169 0.37757304
 0.14834748 0.14346251 0.1387898  0.35296071 0.20739532 0.45033291
 0.34643051 0.21904637 0.23159094 0.33227131 0.37424722 0.46582535
 0.40855789 0.23874632 0.15577592 0.31075305 0.2014349  0.33718267
 0.20111063 0.23378511 0.3374311  0.15594269 0.4480249  0.25871944
 0.38013035 0.11016713 0.41600025 0.15103392 0.39599508 0.29878375
 0.21877941 0.38799739 0.46340019 0.45286667 0.34436029 0.25360203
 0.13635331 0.4628346  0.22319107 0.37697834 0.22297537 0.38300124
 0.33602503 0.44444573 0.4003222  0.27396107 0.42939854 0.35689771
 0.17004666 0.40354815 0.50356901 0.41751042 0.43528455 0.44514543
 0.36238784 0.42993185 0.18706617 0.25903815 0.26160946 0.51307905
 0.47175395 0.42068031 0.30039504 0.38257617 0.31479993 0.3541759
 0.4145515  0.09767535 0.47966337 0.45783824]"
Paramecium caudatum	K-S	0.2103076171875	0.0005498852491378784	0.2568359375	"[0.17016602 0.23876953 0.21826172 0.22387695 0.23193359 0.16943359
 0.17944336 0.23022461 0.171875   0.19873047 0.19238281 0.19555664
 0.20874023 0.23144531 0.22607422 0.21362305 0.21069336 0.2434082
 0.18286133 0.19946289 0.15820312 0.21264648 0.22729492 0.21142578
 0.21582031 0.22753906 0.2355957  0.22241211 0.15893555 0.20629883
 0.18994141 0.18066406 0.15429688 0.2097168  0.21240234 0.18261719
 0.22143555 0.20996094 0.21191406 0.21630859 0.19482422 0.25683594
 0.20849609 0.23828125 0.19628906 0.22265625 0.2019043  0.25244141
 0.21484375 0.21606445 0.23510742 0.18701172 0.21582031 0.23266602
 0.22900391 0.16821289 0.24194336 0.18920898 0.23022461 0.19726562
 0.18774414 0.22509766 0.22558594 0.19628906 0.21704102 0.21142578
 0.19067383 0.19702148 0.2019043  0.22290039 0.20727539 0.20703125
 0.22583008 0.20019531 0.23022461 0.23681641 0.2512207  0.21191406
 0.19897461 0.25048828 0.24511719 0.2175293  0.21630859 0.19458008
 0.23730469 0.21020508 0.20288086 0.24047852 0.23486328 0.20239258
 0.16992188 0.22827148 0.22192383 0.21655273 0.22729492 0.23291016
 0.20678711 0.14916992 0.1574707  0.19165039]"
Paramecium caudatum	Wasserstein	0.13451474682101552	0.00210090481628469	0.2489910762161851	"[0.06698901 0.12271487 0.20225119 0.09893892 0.10627224 0.07076915
 0.20594318 0.10812336 0.19083053 0.08927776 0.1920435  0.08017259
 0.10759962 0.16127887 0.20093088 0.09375225 0.1058228  0.12240948
 0.18623898 0.10133431 0.06185127 0.14567967 0.10716712 0.11347629
 0.12638594 0.11809994 0.1402799  0.21046065 0.20981604 0.14658236
 0.07802493 0.07769618 0.05370956 0.12371523 0.09630898 0.23874447
 0.13432046 0.0979057  0.09674072 0.13952082 0.13366296 0.24899108
 0.16616341 0.11078638 0.0763399  0.11205182 0.09618275 0.13176545
 0.09196481 0.0960674  0.14669159 0.07829816 0.18388356 0.11045434
 0.14099076 0.06705999 0.18123614 0.0776096  0.15317805 0.10618628
 0.08591399 0.14076296 0.22674627 0.11809996 0.12561559 0.10425075
 0.07098218 0.17636896 0.09958604 0.19004894 0.09753415 0.14638654
 0.12616864 0.19804624 0.16372237 0.12142544 0.16217378 0.13875293
 0.08595874 0.1545166  0.22663619 0.15796767 0.18511035 0.17845085
 0.14239716 0.19401888 0.08598752 0.11533328 0.11266175 0.20009588
 0.2118401  0.17605015 0.12091765 0.15223607 0.12379971 0.13312941
 0.16038934 0.0577987  0.13419597 0.20965283]"
Pyrococcus furiosus	Normalized Euclidean	0.6809122581332516	0.0057903541999289165	0.9205086841792964	"[0.62292043 0.70014968 0.76736828 0.63633129 0.64607802 0.60062522
 0.67041984 0.64525681 0.60757925 0.63088141 0.79726849 0.66683908
 0.72519211 0.78972085 0.7355504  0.66943336 0.62579511 0.58361684
 0.75567988 0.676833   0.65240736 0.53550721 0.7016889  0.66125915
 0.68190584 0.68261159 0.75302809 0.60323208 0.83131168 0.63567124
 0.62881332 0.60663941 0.57846799 0.70531603 0.71389261 0.81791847
 0.68465568 0.69539432 0.73927524 0.6699754  0.80948562 0.77599831
 0.60109314 0.64963271 0.59992096 0.58945164 0.64415537 0.58224816
 0.71107154 0.6906725  0.65650754 0.66241897 0.58842259 0.69251122
 0.75023029 0.70043052 0.79794902 0.64998558 0.56046687 0.75509529
 0.68261544 0.68817247 0.79575549 0.66802055 0.79030231 0.60292339
 0.65478912 0.61877944 0.63701357 0.63254717 0.56393571 0.63536009
 0.79000715 0.71900806 0.74826756 0.66724756 0.59968483 0.75264108
 0.61400346 0.66079119 0.6575901  0.62131514 0.76785124 0.849955
 0.60115546 0.68694318 0.63623295 0.62376242 0.64174273 0.57308811
 0.82796493 0.58234391 0.71606379 0.74542044 0.67326339 0.61674732
 0.7325069  0.63880488 0.92050868 0.85584082]"
Pyrococcus furiosus	Cosine	0.15421516135974117	0.004352790836314454	0.5343277990775136	"[0.12091963 0.10343808 0.23122425 0.11719997 0.107523   0.11057794
 0.21402993 0.0986902  0.20080127 0.10466711 0.23131875 0.12270411
 0.12710457 0.19012788 0.20358978 0.11125544 0.13565982 0.09211475
 0.19917872 0.1119271  0.15301968 0.12411156 0.11256727 0.11020356
 0.11502525 0.1185554  0.14986887 0.19003001 0.30712287 0.12758382
 0.12045853 0.12938192 0.1068756  0.11538376 0.12074384 0.33173341
 0.11613906 0.12478992 0.12619305 0.12792706 0.19254121 0.29507579
 0.14515109 0.1170802  0.10787868 0.10607757 0.1094633  0.0932328
 0.11416667 0.12662843 0.12232105 0.12549454 0.15499382 0.11456422
 0.16194508 0.15893819 0.18858462 0.13204991 0.11020605 0.130477
 0.13196534 0.13318829 0.2908863  0.23145632 0.16269417 0.10962935
 0.14068964 0.16837797 0.10248393 0.19824541 0.09849645 0.12606406
 0.15089657 0.19079486 0.16295059 0.11680898 0.1303849  0.1359973
 0.12626851 0.11594269 0.21126938 0.1339111  0.19857277 0.25515682
 0.10624164 0.18898858 0.12366299 0.10964348 0.10216357 0.17965944
 0.32968056 0.13878747 0.11780379 0.17570965 0.10874351 0.10456611
 0.16932518 0.14582478 0.5343278  0.29461895]"
Pyrococcus furiosus	Manhattan	467.5149487683833	4845.188679973772	677.3212475868726	"[413.39348758 474.78329529 488.22491261 424.60514655 410.32497935
 390.8301028  457.94188614 409.55296993 406.97784629 427.05901012
 564.04905502 467.50377343 489.56628797 518.12193953 471.24901967
 451.25030539 480.0697761  373.06722482 537.94875929 485.3513397
 436.32178447 363.87520156 469.19876353 421.99772441 453.60320662
 502.89253018 528.71280039 379.42296116 587.3615242  465.58677272
 408.35451481 392.26279559 368.64297167 532.53450584 583.75316311
 560.96278478 479.38053611 455.50119175 550.38226872 436.87519154
 543.41815267 531.51814589 371.73890406 450.78996873 405.40112156
 361.73690381 488.52406465 406.28670909 570.34588218 461.23644826
 506.4259051  469.33892164 389.29855451 446.36157338 507.6965956
 549.62737157 538.18456664 466.83467374 375.96793617 509.97251522
 456.13967326 447.61375484 597.28036808 427.91642589 515.35669191
 387.16044935 450.82674823 383.49469746 420.74550336 406.5890129
 355.72796552 464.25302919 635.09616328 490.75470024 513.28289223
 439.38657771 392.08261315 517.79972922 402.83998282 473.86736423
 474.54689873 415.86820791 491.86046832 677.32124759 438.13927602
 457.46760352 444.36527131 395.53031018 429.75897488 402.8175717
 642.56166519 379.55458515 497.26930433 555.62346298 443.70173068
 416.68939182 503.62270139 406.82313265 656.26312319 573.29638122]"
Pyrococcus furiosus	Descriptor	0.8918939018690921	0.01943034762879952	1.3585958306408439	"[0.86967393 0.99520236 0.9313869  0.87799467 0.88831674 0.82328358
 0.72705203 0.88719522 0.56003796 0.8937477  1.01277263 0.95841597
 1.02317738 1.05827736 0.90693958 0.94930012 0.79757116 0.78019949
 0.96768565 0.94074575 0.88915695 0.60392172 0.9912606  0.89419423
 0.93395568 0.94539708 1.04721326 0.58468616 1.01278138 0.79747678
 0.8630196  0.79557989 0.79792733 0.97748071 1.01684948 0.94524961
 0.92937234 0.985514   1.05993971 0.88467286 1.10035999 0.87935982
 0.67602061 0.9069699  0.833316   0.76261285 0.87893798 0.77597503
 1.03426762 0.96812048 0.84799971 0.93276526 0.66035837 0.97031024
 1.01527542 0.97134754 1.07841594 0.90276757 0.70364385 1.0456111
 0.94364207 0.92677513 0.96843215 0.87381265 1.0822341  0.79100689
 0.90523698 0.7075354  0.86096462 0.57211331 0.74074376 0.8104495
 1.10804369 0.86659833 1.01008429 0.92522896 0.73277168 1.03253748
 0.81790282 0.88128032 0.6732913  0.75865595 0.98460912 1.11691201
 0.7920229  0.79485435 0.87199212 0.84855018 0.89273937 0.451217
 0.98799469 0.66876499 1.02595865 1.00969813 0.93118033 0.80809287
 0.95617837 0.86025297 1.35859583 1.09137412]"
Pyrococcus furiosus	DSSIM	0.6934039387188335	0.009249546058498925	0.9513923787173645	"[0.63377926 0.72221093 0.77839075 0.644641   0.64405065 0.59424688
 0.66550494 0.64228533 0.58022761 0.63785958 0.82538081 0.69321062
 0.76157118 0.82125535 0.74551561 0.68427029 0.65696228 0.55469736
 0.78155999 0.70024103 0.6729233  0.51580921 0.72453997 0.65817603
 0.69028324 0.71652962 0.79459533 0.56514784 0.86270104 0.63716585
 0.63363009 0.60819039 0.56199163 0.73396009 0.76329333 0.84588885
 0.69864677 0.71515188 0.79099786 0.67419688 0.84771241 0.81954981
 0.57341478 0.66007434 0.59313468 0.55123167 0.66560562 0.56235719
 0.75782765 0.7178766  0.6832858  0.69309624 0.55290395 0.71566597
 0.78711919 0.7529316  0.83156527 0.67875748 0.52920384 0.79714244
 0.70843235 0.69562467 0.84073362 0.67051472 0.83362412 0.59038967
 0.68154539 0.5833333  0.63492903 0.65756365 0.52731639 0.62943293
 0.85183722 0.7348019  0.77320315 0.6806112  0.56962109 0.7848642
 0.61422599 0.66839551 0.67572282 0.60082938 0.78320667 0.9043782
 0.5940671  0.69975135 0.64786871 0.61547099 0.63992174 0.54528602
 0.87427703 0.55191261 0.74712282 0.78893186 0.68497919 0.60923161
 0.76050302 0.64946322 0.95139238 0.88293985]"
Pyrococcus furiosus	LPIPS	0.28244328454136847	0.0018372873228196403	0.4096168279647827	"[0.23089179 0.25156817 0.32591209 0.26391417 0.24714643 0.21231057
 0.25980175 0.23262593 0.24479415 0.21970454 0.32645985 0.25557649
 0.309172   0.36346456 0.27669549 0.22542405 0.28145146 0.2200146
 0.31443128 0.2469546  0.26803681 0.27573794 0.26377425 0.25388286
 0.28097698 0.29650304 0.33382329 0.2137816  0.33902505 0.29622754
 0.2609809  0.26586479 0.22701932 0.29993033 0.29183823 0.33833256
 0.26346987 0.27191383 0.29800114 0.28566191 0.35224748 0.35970613
 0.27066767 0.25275195 0.21938518 0.2305425  0.26150495 0.22365569
 0.28729337 0.28441772 0.28794646 0.24320368 0.19718914 0.27617288
 0.34720594 0.28697827 0.3105582  0.24134719 0.26503709 0.30345646
 0.29466277 0.30830491 0.39591056 0.28699449 0.35707796 0.26999229
 0.26510614 0.2703262  0.23576662 0.35098693 0.20438419 0.27823773
 0.35719904 0.29143012 0.29438922 0.27949271 0.27260637 0.29035193
 0.25594231 0.28386253 0.31488192 0.28034079 0.32953835 0.40961683
 0.2626307  0.2829209  0.2354847  0.25631779 0.22346483 0.28640091
 0.37391433 0.26154116 0.30887854 0.29792488 0.28119707 0.28618407
 0.31479174 0.27104488 0.33346057 0.3564043 ]"
Pyrococcus furiosus	K-S	0.141201171875	0.002557404661178589	0.2353515625	"[0.18554688 0.14941406 0.04394531 0.1887207  0.17797852 0.16577148
 0.07080078 0.16040039 0.09619141 0.18505859 0.07348633 0.19775391
 0.15429688 0.09008789 0.07592773 0.18383789 0.23535156 0.11962891
 0.09277344 0.18920898 0.18652344 0.17163086 0.16674805 0.13720703
 0.13012695 0.15698242 0.14624023 0.09423828 0.05297852 0.13037109
 0.17602539 0.20166016 0.18432617 0.17578125 0.2097168  0.07202148
 0.12524414 0.17138672 0.18847656 0.10107422 0.1105957  0.03466797
 0.06958008 0.19116211 0.20043945 0.15307617 0.18896484 0.19018555
 0.21533203 0.19335938 0.14306641 0.19384766 0.11572266 0.13378906
 0.13891602 0.20776367 0.07910156 0.20922852 0.16333008 0.13232422
 0.1784668  0.15429688 0.04321289 0.19384766 0.12036133 0.19677734
 0.21557617 0.10107422 0.14526367 0.03637695 0.16674805 0.15673828
 0.14892578 0.07177734 0.09765625 0.17089844 0.14746094 0.10253906
 0.20410156 0.16650391 0.04150391 0.10009766 0.04443359 0.08105469
 0.18603516 0.04467773 0.19628906 0.1640625  0.17407227 0.10058594
 0.11450195 0.09985352 0.17285156 0.14550781 0.16699219 0.15649414
 0.08618164 0.15161133 0.15405273 0.04125977]"
Pyrococcus furiosus	Wasserstein	0.03803667625443045	0.0007281181281955264	0.11780504422870786	"[0.04822186 0.00710788 0.07770327 0.03386082 0.01845146 0.03253528
 0.08509207 0.01366246 0.0803816  0.0309102  0.07624879 0.03978427
 0.01291398 0.03798041 0.07201264 0.027306   0.01573161 0.00701846
 0.06934314 0.01663977 0.05686799 0.02567422 0.01691306 0.00666136
 0.00895335 0.01484557 0.00998806 0.0791395  0.0988296  0.03157904
 0.03529385 0.05101497 0.04024756 0.00611528 0.03958286 0.11780504
 0.01781854 0.0268732  0.03461828 0.01917871 0.03428997 0.11091893
 0.04434811 0.02691839 0.03944878 0.00758822 0.03468925 0.00559462
 0.04174281 0.03569646 0.01452441 0.04763555 0.06027997 0.0191487
 0.01064876 0.06673111 0.05151024 0.05287851 0.02434686 0.00902006
 0.03166905 0.02072054 0.09207974 0.01100815 0.00834888 0.01434321
 0.06302326 0.06518502 0.00661029 0.06954425 0.00687734 0.03077298
 0.01205808 0.0701637  0.03990313 0.01354384 0.03649533 0.02152207
 0.04491425 0.01939232 0.08431056 0.03995358 0.06114606 0.05346049
 0.00930306 0.07029385 0.04483945 0.01643004 0.01890075 0.06625806
 0.08514075 0.04846534 0.01099157 0.02091849 0.00624982 0.00937041
 0.04563896 0.05157814 0.00814349 0.09523354]"
Escherichia coli	Normalized Euclidean	0.7868351441196042	0.0016431370229876411	0.9507676715487815	"[0.79038102 0.8173914  0.8153569  0.78239737 0.78014753 0.76602994
 0.73910059 0.79465295 0.7455473  0.78904192 0.8212993  0.7918566
 0.81197974 0.8540062  0.8012526  0.7857478  0.75292684 0.75012707
 0.80653008 0.78706544 0.78221281 0.70999243 0.81801464 0.77392643
 0.78790955 0.78014808 0.82025571 0.7332013  0.84998206 0.73938542
 0.78009112 0.76444952 0.75989974 0.78744087 0.79878543 0.84141539
 0.78368615 0.80859902 0.81830918 0.76982092 0.86099907 0.81246829
 0.73505099 0.78386342 0.76888405 0.76320599 0.76370025 0.72738887
 0.80324228 0.79622819 0.74701102 0.79184997 0.7360811  0.80661742
 0.82577418 0.803685   0.83913229 0.79511591 0.72755113 0.83633607
 0.79980105 0.79550671 0.80538195 0.81067381 0.85840586 0.76089038
 0.80474165 0.7411479  0.76454071 0.70965286 0.74933009 0.74080932
 0.83277944 0.78243452 0.80870646 0.79028751 0.73353665 0.83135031
 0.78575364 0.7577974  0.71357072 0.72719955 0.83326463 0.85805965
 0.7268369  0.75772684 0.77407839 0.78491539 0.77553958 0.76311189
 0.84957586 0.71323525 0.81020831 0.79403339 0.78949444 0.7407586
 0.78863334 0.78003631 0.95076767 0.8743896 ]"
Escherichia coli	Cosine	0.32556823205342666	0.0020918784070664146	0.6665019411847805	"[0.35531523 0.27196537 0.33924475 0.34184776 0.33259888 0.28846995
 0.30959316 0.26836967 0.33148251 0.34326527 0.34087043 0.35598734
 0.28095586 0.29167588 0.32852391 0.32232299 0.32824853 0.30632188
 0.32268341 0.31653879 0.35107808 0.29015019 0.33443277 0.31534033
 0.31118957 0.32126267 0.32401986 0.31998803 0.36295973 0.30152777
 0.33852828 0.33414848 0.31384926 0.31396122 0.34336443 0.38371365
 0.27114705 0.31189505 0.33873583 0.30476325 0.33333899 0.3249921
 0.2961442  0.32693786 0.34754853 0.33933993 0.2703969  0.26286927
 0.35997534 0.32179614 0.29358931 0.30292849 0.31683908 0.33009433
 0.33187265 0.37763669 0.32420743 0.37154461 0.30447704 0.33597046
 0.34065931 0.30894345 0.34776356 0.4142705  0.33640968 0.30808799
 0.37163114 0.30957823 0.3204291  0.28384283 0.31468748 0.29347864
 0.35151728 0.3085627  0.31695536 0.32143031 0.30512238 0.31713787
 0.3652157  0.30917917 0.29135383 0.28968609 0.29653566 0.35388561
 0.27521151 0.31272634 0.34395122 0.3440764  0.30663702 0.30087914
 0.43090994 0.26690658 0.33630329 0.31095594 0.30426506 0.25720319
 0.29528685 0.32138515 0.66650194 0.37242337]"
Escherichia coli	Manhattan	564.9205918611506	4300.123341832335	771.1845777848679	"[574.73439607 749.52059437 563.61083234 538.35592293 497.01715253
 652.5433365  526.36393754 721.23597015 514.3934837  563.84958623
 547.80449472 519.41906112 656.00281583 771.18457778 565.43350264
 542.10237693 518.74362868 510.75974443 590.4978358  575.36096165
 542.51903348 493.24274896 608.86316694 491.12647398 550.41826482
 536.90770343 578.67226679 473.58283049 652.92904456 489.33938583
 539.90099738 516.19352213 574.06073437 542.58310364 556.67944583
 642.93494449 641.62886533 634.51065045 577.27032347 508.31179195
 668.19536055 705.65949865 507.26817796 584.14356568 494.89635069
 468.38107632 670.45922437 565.87182422 529.61707519 558.74986368
 525.53945185 691.52558808 513.07149034 557.01358733 600.40111861
 558.15427919 583.77785088 551.40053956 471.01610254 604.86851003
 555.43676638 584.21458595 565.58325989 529.86493373 653.71579105
 548.03000051 592.07195162 508.22488631 477.01752308 472.08641613
 515.87343274 522.99104695 559.71070938 569.22204679 567.04108527
 551.84501585 477.04219541 643.92706998 522.2354314  481.56515756
 492.80153913 473.80934271 711.5494561  611.95505392 533.54132781
 496.11927461 514.44541943 536.31209789 562.71814738 495.31903784
 581.81640797 551.95006552 543.85615382 561.62316254 564.51950771
 574.12930819 560.0679157  616.23286673 725.81187624 625.16187291]"
Escherichia coli	Descriptor	0.9267037297899547	0.020849080776859315	1.3255361374635373	"[0.93676486 1.13109923 0.99113369 0.91090643 0.90535598 0.97858198
 0.76022112 1.07338394 0.57734866 0.93603268 1.01662077 0.93915673
 1.10248801 1.16092317 0.95823268 0.98754644 0.76300187 0.84313805
 0.99255371 0.96628937 0.93062442 0.64026534 1.07197061 0.91344226
 0.95951412 0.92868065 1.06200904 0.5880087  1.06333447 0.73982195
 0.90758878 0.84899403 0.90739387 0.94486207 0.960718   1.01703203
 1.02574211 1.06520706 1.05911184 0.90217273 1.14988981 1.00818537
 0.73433559 0.95483721 0.82168566 0.75641837 0.98623434 0.88084066
 0.97002651 1.01753675 0.83044234 1.03736154 0.69302756 1.02664714
 1.06375672 0.94184934 1.09813198 0.91546945 0.68309429 1.08848759
 0.97423747 1.00004382 0.96309124 0.8788424  1.14071858 0.88021476
 0.96116363 0.71701689 0.84005438 0.6296391  0.8021234  0.79170112
 1.06043356 0.91367524 1.02437147 0.96612269 0.71589189 1.09311379
 0.85670846 0.82526328 0.66109149 0.72552235 1.10849885 1.11038576
 0.81706894 0.78876104 0.85393819 0.89632212 0.9506403  0.49912936
 0.98022023 0.77021725 1.02480845 1.00481814 1.00042223 0.91294438
 0.97935659 0.97617448 1.32553614 1.12455786]"
Escherichia coli	DSSIM	0.921144329018658	0.00038316679616974694	0.9862927761053727	"[0.92092891 0.93045905 0.94251764 0.92741246 0.91657823 0.89221481
 0.90857322 0.91807289 0.94052927 0.9198676  0.93950888 0.92732537
 0.92518493 0.95247773 0.93321006 0.91083947 0.92254005 0.90953166
 0.94115145 0.91605513 0.90415426 0.87980204 0.93300786 0.91368454
 0.92028753 0.92627028 0.92947049 0.92505798 0.94836563 0.90608117
 0.90793849 0.89795195 0.88918726 0.91710582 0.91995176 0.95559818
 0.91564599 0.92293627 0.92834493 0.91152169 0.95192924 0.95513883
 0.89457456 0.92038211 0.91393415 0.93874661 0.89698539 0.88122041
 0.93086389 0.91712252 0.90234425 0.90799079 0.93306421 0.91817349
 0.93667863 0.92056742 0.94469987 0.92870358 0.9209313  0.93991104
 0.92304168 0.9347153  0.92126038 0.91457295 0.94742018 0.91729326
 0.93070516 0.91145205 0.9048402  0.87802122 0.90263005 0.90725924
 0.94219937 0.92624974 0.93075209 0.92292712 0.92602795 0.94101252
 0.92919612 0.91296663 0.89126459 0.89485177 0.94603098 0.94848179
 0.88000665 0.90706002 0.90567188 0.93383608 0.90421065 0.90179336
 0.96406931 0.89820411 0.93527413 0.90497746 0.9172978  0.89220208
 0.91790355 0.90192465 0.98629278 0.95723082]"
Escherichia coli	LPIPS	0.239545611590147	0.0037700767486356745	0.3716665506362915	"[0.33472896 0.31380013 0.19946685 0.28251147 0.26553428 0.2833035
 0.15472063 0.30562639 0.13313732 0.27731654 0.22086072 0.28597629
 0.26952457 0.32592386 0.17480251 0.27397013 0.18888301 0.2181471
 0.20388192 0.25783646 0.32618651 0.13084471 0.29751965 0.22705665
 0.24544823 0.26146609 0.24314886 0.13654299 0.20241593 0.15025146
 0.30183467 0.29940623 0.29803228 0.21000665 0.27733713 0.18904023
 0.2467856  0.29248244 0.32595295 0.21019489 0.29054105 0.23764625
 0.15264311 0.27626601 0.27705589 0.1976769  0.27698547 0.19549268
 0.30012038 0.29023552 0.17826124 0.31856102 0.15349682 0.26760557
 0.25642282 0.34443909 0.25311676 0.32477456 0.16096491 0.30945423
 0.27763021 0.22500381 0.18773763 0.2094344  0.33471665 0.22113504
 0.34797814 0.13072862 0.22255623 0.15056217 0.20785898 0.17083
 0.30123937 0.16475663 0.22519758 0.24190177 0.15748459 0.28480613
 0.29860735 0.18234384 0.14781103 0.14144081 0.27803862 0.2627286
 0.1599161  0.15399478 0.28555253 0.27080953 0.23367287 0.13532497
 0.18420103 0.18711036 0.26646522 0.18025973 0.23150128 0.19502145
 0.19405319 0.33501068 0.37166655 0.2938056 ]"
Escherichia coli	K-S	0.19995849609375	0.0015779548346996303	0.254638671875	"[0.24145508 0.22070312 0.13232422 0.24072266 0.23632812 0.23583984
 0.13989258 0.23413086 0.16870117 0.23779297 0.14599609 0.24560547
 0.21142578 0.1706543  0.14990234 0.2421875  0.25463867 0.20239258
 0.14941406 0.23730469 0.23803711 0.21557617 0.22875977 0.21435547
 0.19946289 0.20288086 0.18847656 0.16748047 0.1472168  0.17211914
 0.234375   0.2355957  0.24511719 0.2175293  0.24243164 0.15332031
 0.19897461 0.23608398 0.22802734 0.17871094 0.18237305 0.11791992
 0.17016602 0.23632812 0.23950195 0.22485352 0.23168945 0.23779297
 0.23999023 0.22875977 0.18920898 0.25073242 0.18994141 0.2175293
 0.18237305 0.24169922 0.15087891 0.24829102 0.2097168  0.1940918
 0.22583008 0.19677734 0.10742188 0.2434082  0.18701172 0.2331543
 0.25024414 0.19018555 0.21289062 0.08813477 0.24243164 0.2043457
 0.18457031 0.14233398 0.1730957  0.21655273 0.21948242 0.18237305
 0.23730469 0.21289062 0.1003418  0.17529297 0.14208984 0.13500977
 0.22705078 0.11889648 0.23608398 0.22290039 0.23535156 0.15234375
 0.17016602 0.17456055 0.21166992 0.18481445 0.2109375  0.20336914
 0.15966797 0.22680664 0.20800781 0.12426758]"
Escherichia coli	Wasserstein	0.08936939826541099	0.0017798439635145567	0.1616398527843636	"[0.15076308 0.09251203 0.03165568 0.13560676 0.12675008 0.12288115
 0.01673366 0.1025164  0.02437435 0.13574196 0.02563437 0.14320663
 0.09612926 0.05143375 0.03346592 0.12763036 0.10932834 0.10596517
 0.03019301 0.1138266  0.15118072 0.0688598  0.12334101 0.10412394
 0.09933526 0.11317983 0.09133846 0.02975811 0.01699427 0.0638482
 0.13786112 0.14131943 0.13608386 0.09566505 0.1347021  0.02485188
 0.06885412 0.12180559 0.13011071 0.08724501 0.07216648 0.02935249
 0.06524888 0.12810138 0.14241239 0.11263828 0.10902651 0.083478
 0.14263643 0.12483915 0.08250876 0.13409937 0.04566646 0.12615487
 0.09283678 0.16163985 0.04929516 0.15502093 0.07287828 0.11160828
 0.13038599 0.07560608 0.01518853 0.11903542 0.10503725 0.1074035
 0.16060147 0.04322543 0.11129614 0.02583665 0.11483334 0.06248589
 0.11222049 0.02833547 0.067608   0.11245234 0.06892859 0.08643818
 0.14710934 0.08071031 0.01537861 0.05815946 0.03161562 0.04455737
 0.07699378 0.0365137  0.14087368 0.12787141 0.11607822 0.03085434
 0.01596876 0.04127126 0.11447502 0.06922166 0.1002626  0.07076414
 0.05054436 0.14327951 0.10279059 0.01631154]"
